#fragment_ID	time (s)	mean	sd
adpglcH_123456	0	0.98993,0.00604,0.00403,0.00000,0.00000,0.00000,0.00000	0.08991,0.07015,0.06241,0.06134,0.00352,0.01799,0.01799
adpglcH_123456	5	0.98120,0.01160,0.00720,0.00000,0.00000,0.00000,0.00000	0.08991,0.07015,0.06241,0.06134,0.00352,0.01799,0.01799
adpglcH_123456	10	0.84165,0.09687,0.05191,0.00823,0.00135,0.00000,0.00000	0.08991,0.07015,0.06241,0.06134,0.00352,0.01799,0.01799
adpglcH_123456	20	0.52339,0.25898,0.17188,0.03633,0.00833,0.00108,0.00000	0.08991,0.07015,0.06241,0.06134,0.00352,0.01799,0.01799
adpglcH_123456	40	0.25932,0.33699,0.25288,0.11891,0.01288,0.01901,0.00000	0.08991,0.07015,0.06241,0.06134,0.00352,0.01799,0.01799
dhapH_123	0	0.99710,0.00290,0.00000,0.00000	0.12509,0.10020,0.08375,0.01003
dhapH_123	5	0.79393,0.16646,0.03960,0.00000	0.12509,0.10020,0.08375,0.01003
dhapH_123	10	0.59145,0.32133,0.08143,0.00579	0.12509,0.10020,0.08375,0.01003
dhapH_123	20	0.47703,0.40091,0.11178,0.01028	0.12509,0.10020,0.08375,0.01003
dhapH_123	40	0.26407,0.44481,0.24578,0.04533	0.12509,0.10020,0.08375,0.01003
dhapC_123	0	0.99710,0.00290,0.00000,0.00000	0.12509,0.10020,0.08375,0.01003
dhapC_123	5	0.79393,0.16646,0.03960,0.00000	0.12509,0.10020,0.08375,0.01003
dhapC_123	10	0.59145,0.32133,0.08143,0.00579	0.12509,0.10020,0.08375,0.01003
dhapC_123	20	0.47703,0.40091,0.11178,0.01028	0.12509,0.10020,0.08375,0.01003
dhapC_123	40	0.26407,0.44481,0.24578,0.04533	0.12509,0.10020,0.08375,0.01003
fdpBH_123456	0	0.98978,0.00000,0.00293,0.00539,0.00190,0.00000,0.00000	0.15927,0.07305,0.05335,0.06132,0.05303,0.01455,0.00556
fdpBH_123456	5	0.55512,0.33677,0.08753,0.01173,0.00617,0.00000,0.00269	0.15927,0.07305,0.05335,0.06132,0.05303,0.01455,0.00556
fdpBH_123456	10	0.42505,0.37958,0.16050,0.02711,0.00190,0.00383,0.00203	0.15927,0.07305,0.05335,0.06132,0.05303,0.01455,0.00556
fdpBH_123456	20	0.32748,0.30440,0.25792,0.08274,0.02452,0.00295,0.00000	0.15927,0.07305,0.05335,0.06132,0.05303,0.01455,0.00556
fdpBH_123456	40	0.24230,0.32011,0.18120,0.12161,0.08697,0.04000,0.00782	0.15927,0.07305,0.05335,0.06132,0.05303,0.01455,0.00556
fdpBC_123456	0	0.98978,0.00000,0.00293,0.00539,0.00190,0.00000,0.00000	0.15927,0.07305,0.05335,0.06132,0.05303,0.01455,0.00556
fdpBC_123456	5	0.55512,0.33677,0.08753,0.01173,0.00617,0.00000,0.00269	0.15927,0.07305,0.05335,0.06132,0.05303,0.01455,0.00556
fdpBC_123456	10	0.42505,0.37958,0.16050,0.02711,0.00190,0.00383,0.00203	0.15927,0.07305,0.05335,0.06132,0.05303,0.01455,0.00556
fdpBC_123456	20	0.32748,0.30440,0.25792,0.08274,0.02452,0.00295,0.00000	0.15927,0.07305,0.05335,0.06132,0.05303,0.01455,0.00556
fdpBC_123456	40	0.24230,0.32011,0.18120,0.12161,0.08697,0.04000,0.00782	0.15927,0.07305,0.05335,0.06132,0.05303,0.01455,0.00556
f6pBH_123456	0	0.97651,0.02349,0.00000,0.00000,0.00000,0.00000,0.00000	0.17717,0.06563,0.25981,0.05133,0.14534,0.00499,0.00499
f6pBH_123456	5	0.64203,0.15093,0.20066,0.00637,0.00000,0.00000,0.00000	0.17717,0.06563,0.25981,0.05133,0.14534,0.00499,0.00499
f6pBH_123456	10	0.54980,0.20178,0.23720,0.00895,0.00226,0.00000,0.00000	0.17717,0.06563,0.25981,0.05133,0.14534,0.00499,0.00499
f6pBH_123456	20	0.41558,0.30182,0.18768,0.06843,0.02431,0.00217,0.00000	0.17717,0.06563,0.25981,0.05133,0.14534,0.00499,0.00499
f6pBH_123456	40	0.28678,0.17117,0.29044,0.12502,0.12230,0.00428,0.00000	0.17717,0.06563,0.25981,0.05133,0.14534,0.00499,0.00499
g1pH_123456	0	0.99346,0.00080,0.00573,0.00000,0.00000,0.00000,0.00000	0.10918,0.04838,0.06202,0.02705,0.01256,0.00076,0.00064
g1pH_123456	5	0.79610,0.15774,0.04592,0.00000,0.00024,0.00000,0.00000	0.10918,0.04838,0.06202,0.02705,0.01256,0.00076,0.00064
g1pH_123456	10	0.70612,0.21429,0.07021,0.00939,0.00000,0.00000,0.00000	0.10918,0.04838,0.06202,0.02705,0.01256,0.00076,0.00064
g1pH_123456	20	0.54946,0.22797,0.16882,0.04694,0.00607,0.00042,0.00031	0.10918,0.04838,0.06202,0.02705,0.01256,0.00076,0.00064
g1pH_123456	40	0.43589,0.18237,0.23737,0.09314,0.04575,0.00475,0.00074	0.10918,0.04838,0.06202,0.02705,0.01256,0.00076,0.00064
g6pAH_123456	0	1.00000,0.00000,0.00000,0.00000,0.00000,0.00000,0.00000	0.09899,0.03623,0.09604,0.00967,0.00860,0.00100,0.00070
g6pAH_123456	5	0.80591,0.06639,0.12765,0.00000,0.00005,0.00000,0.00000	0.09899,0.03623,0.09604,0.00967,0.00860,0.00100,0.00070
g6pAH_123456	10	0.72666,0.15183,0.12033,0.00050,0.00042,0.00025,0.00000	0.09899,0.03623,0.09604,0.00967,0.00860,0.00100,0.00070
g6pAH_123456	20	0.56248,0.20163,0.20185,0.02935,0.00413,0.00016,0.00040	0.09899,0.03623,0.09604,0.00967,0.00860,0.00100,0.00070
g6pAH_123456	40	0.37264,0.21888,0.28851,0.07539,0.04233,0.00166,0.00059	0.09899,0.03623,0.09604,0.00967,0.00860,0.00100,0.00070
rb15bpH_12345	0	0.98055,0.01945,0.00000,0.00000,0.00000,0.00000	0.12287,0.04806,0.02788,0.03855,0.00545,0.00448
rb15bpH_12345	5	0.72195,0.22622,0.03285,0.00974,0.00752,0.00173	0.12287,0.04806,0.02788,0.03855,0.00545,0.00448
rb15bpH_12345	10	0.58255,0.34397,0.05482,0.01240,0.00228,0.00398	0.12287,0.04806,0.02788,0.03855,0.00545,0.00448
rb15bpH_12345	20	0.38777,0.37029,0.15995,0.06543,0.01277,0.00379	0.12287,0.04806,0.02788,0.03855,0.00545,0.00448
rb15bpH_12345	40	0.33613,0.29326,0.20846,0.12235,0.03253,0.00726	0.12287,0.04806,0.02788,0.03855,0.00545,0.00448
ru5pDH_12345	0	0.99051,0.00949,0.00000,0.00000,0.00000,0.00000	0.17297,0.09396,0.11005,0.04246,0.12670,0.00569
ru5pDH_12345	5	0.89535,0.05550,0.01488,0.00000,0.03427,0.00000	0.17297,0.09396,0.11005,0.04246,0.12670,0.00569
ru5pDH_12345	10	0.65902,0.27743,0.06055,0.00300,0.00000,0.00000	0.17297,0.09396,0.11005,0.04246,0.12670,0.00569
ru5pDH_12345	20	0.46882,0.22958,0.18014,0.02934,0.08883,0.00329	0.17297,0.09396,0.11005,0.04246,0.12670,0.00569
ru5pDH_12345	40	0.50930,0.10905,0.18873,0.04672,0.14620,0.00000	0.17297,0.09396,0.11005,0.04246,0.12670,0.00569
s7pH_1234567	0	0.99482,0.00207,0.00310,0.00000,0.00000,0.00000,0.00000,0.00000	0.10882,0.13247,0.06642,0.03645,0.01979,0.06725,0.00556,0.00556
s7pH_1234567	5	0.62321,0.27505,0.09288,0.00885,0.00000,0.00000,0.00000,0.00000	0.10882,0.13247,0.06642,0.03645,0.01979,0.06725,0.00556,0.00556
s7pH_1234567	10	0.37498,0.33318,0.22283,0.05253,0.01647,0.00000,0.00000,0.00000	0.10882,0.13247,0.06642,0.03645,0.01979,0.06725,0.00556,0.00556
s7pH_1234567	20	0.18478,0.35358,0.27886,0.14286,0.03462,0.00427,0.00103,0.00000	0.10882,0.13247,0.06642,0.03645,0.01979,0.06725,0.00556,0.00556
s7pH_1234567	40	0.08189,0.22996,0.28091,0.18856,0.13283,0.08105,0.00481,0.00000	0.10882,0.13247,0.06642,0.03645,0.01979,0.06725,0.00556,0.00556
s17bpH_1234567	0	0.99859,0.00102,0.00039,0.00000,0.00000,0.00000,0.00000,0.00000	0.09978,0.13687,0.07482,0.08826,0.05904,0.05480,0.03450,0.03450
s17bpH_1234567	5	0.56227,0.26446,0.14595,0.01842,0.00890,0.00000,0.00000,0.00000	0.09978,0.13687,0.07482,0.08826,0.05904,0.05480,0.03450,0.03450
s17bpH_1234567	10	0.34002,0.35288,0.22140,0.06439,0.01449,0.00545,0.00137,0.00000	0.09978,0.13687,0.07482,0.08826,0.05904,0.05480,0.03450,0.03450
s17bpH_1234567	20	0.16442,0.34364,0.27915,0.13448,0.05354,0.02125,0.00352,0.00000	0.09978,0.13687,0.07482,0.08826,0.05904,0.05480,0.03450,0.03450
s17bpH_1234567	40	0.12515,0.24509,0.15851,0.24507,0.09933,0.09655,0.03029,0.00000	0.09978,0.13687,0.07482,0.08826,0.05904,0.05480,0.03450,0.03450
malLC_1234	0	1.00000,0.00000,0.00000,0.00000,0.00000	0.03198,0.02900,0.02167,0.00867,0.00374
malLC_1234	5	0.97794,0.02151,0.00000,0.00000,0.00055	0.03198,0.02900,0.02167,0.00867,0.00374
malLC_1234	10	0.93847,0.05847,0.00217,0.00060,0.00029	0.03198,0.02900,0.02167,0.00867,0.00374
malLC_1234	20	0.86914,0.10304,0.02335,0.00125,0.00321	0.03198,0.02900,0.02167,0.00867,0.00374
malLC_1234	40	0.83772,0.09961,0.04202,0.01695,0.00370	0.03198,0.02900,0.02167,0.00867,0.00374
malLM_1234	0	1.00000,0.00000,0.00000,0.00000,0.00000	0.03198,0.02900,0.02167,0.00867,0.00374
malLM_1234	5	0.97794,0.02151,0.00000,0.00000,0.00055	0.03198,0.02900,0.02167,0.00867,0.00374
malLM_1234	10	0.93847,0.05847,0.00217,0.00060,0.00029	0.03198,0.02900,0.02167,0.00867,0.00374
malLM_1234	20	0.86914,0.10304,0.02335,0.00125,0.00321	0.03198,0.02900,0.02167,0.00867,0.00374
malLM_1234	40	0.83772,0.09961,0.04202,0.01695,0.00370	0.03198,0.02900,0.02167,0.00867,0.00374
gluLC_12345	0	0.99039,0.00494,0.00113,0.00245,0.00000,0.00110	0.02432,0.02002,0.01437,0.00302,0.00160,0.00471
gluLC_12345	5	0.97395,0.01811,0.00016,0.00289,0.00093,0.00396	0.02432,0.02002,0.01437,0.00302,0.00160,0.00471
gluLC_12345	10	0.97555,0.02248,0.00000,0.00143,0.00000,0.00054	0.02432,0.02002,0.01437,0.00302,0.00160,0.00471
gluLC_12345	20	0.95688,0.03363,0.00830,0.00120,0.00000,0.00000	0.02432,0.02002,0.01437,0.00302,0.00160,0.00471
gluLC_12345	40	0.96653,0.02601,0.00593,0.00048,0.00000,0.00104	0.02432,0.02002,0.01437,0.00302,0.00160,0.00471
gluLM_12345	0	0.99039,0.00494,0.00113,0.00245,0.00000,0.00110	0.02432,0.02002,0.01437,0.00302,0.00160,0.00471
gluLM_12345	5	0.97395,0.01811,0.00016,0.00289,0.00093,0.00396	0.02432,0.02002,0.01437,0.00302,0.00160,0.00471
gluLM_12345	10	0.97555,0.02248,0.00000,0.00143,0.00000,0.00054	0.02432,0.02002,0.01437,0.00302,0.00160,0.00471
gluLM_12345	20	0.95688,0.03363,0.00830,0.00120,0.00000,0.00000	0.02432,0.02002,0.01437,0.00302,0.00160,0.00471
gluLM_12345	40	0.96653,0.02601,0.00593,0.00048,0.00000,0.00104	0.02432,0.02002,0.01437,0.00302,0.00160,0.00471
aspLC_1234	0	1.00000,0.00000,0.00000,0.00000,0.00000	0.08967,0.06869,0.02534,0.01507,0.00220
aspLC_1234	5	0.91896,0.08104,0.00000,0.00000,0.00000	0.08967,0.06869,0.02534,0.01507,0.00220
aspLC_1234	10	0.93829,0.05647,0.00244,0.00153,0.00127	0.08967,0.06869,0.02534,0.01507,0.00220
aspLC_1234	20	0.85435,0.11590,0.01304,0.01672,0.00000	0.08967,0.06869,0.02534,0.01507,0.00220
aspLC_1234	40	0.84237,0.12235,0.02854,0.00675,0.00000	0.08967,0.06869,0.02534,0.01507,0.00220
aspLM_1234	0	1.00000,0.00000,0.00000,0.00000,0.00000	0.08967,0.06869,0.02534,0.01507,0.00220
aspLM_1234	5	0.91896,0.08104,0.00000,0.00000,0.00000	0.08967,0.06869,0.02534,0.01507,0.00220
aspLM_1234	10	0.93829,0.05647,0.00244,0.00153,0.00127	0.08967,0.06869,0.02534,0.01507,0.00220
aspLM_1234	20	0.85435,0.11590,0.01304,0.01672,0.00000	0.08967,0.06869,0.02534,0.01507,0.00220
aspLM_1234	40	0.84237,0.12235,0.02854,0.00675,0.00000	0.08967,0.06869,0.02534,0.01507,0.00220
udpgC_123456	0	0.99551,0.00345,0.00000,0.00104,0.00000,0.00000,0.00000	0.04059,0.02870,0.00677,0.00545,0.00448,0.00113,0.00146
udpgC_123456	5	0.98268,0.01473,0.00000,0.00000,0.00259,0.00000,0.00000	0.04059,0.02870,0.00677,0.00545,0.00448,0.00113,0.00146
udpgC_123456	10	0.97974,0.01844,0.00000,0.00183,0.00000,0.00000,0.00000	0.04059,0.02870,0.00677,0.00545,0.00448,0.00113,0.00146
udpgC_123456	20	0.94914,0.04460,0.00271,0.00268,0.00086,0.00000,0.00000	0.04059,0.02870,0.00677,0.00545,0.00448,0.00113,0.00146
udpgC_123456	40	0.94254,0.03686,0.00464,0.00874,0.00563,0.00065,0.00093	0.04059,0.02870,0.00677,0.00545,0.00448,0.00113,0.00146
n2pglycH_12	0	1.00000,0.00000,0.00000	0.08746,0.10472,0.09506
n2pglycH_12	5	0.94994,0.03958,0.01048	0.08746,0.10472,0.09506
n2pglycH_12	10	0.87003,0.11493,0.01505	0.08746,0.10472,0.09506
n2pglycH_12	20	0.84752,0.11399,0.03849	0.08746,0.10472,0.09506
n2pglycH_12	40	0.74689,0.15901,0.09411	0.08746,0.10472,0.09506
akgM_12345	0	0.98572,0.01428,0.00000,0.00000,0.00000,0.00000	0.03682,0.03757,0.00499,0.00362,0.00362,0.00362
akgM_12345	5	0.98042,0.01672,0.00215,0.00072,0.00000,0.00000	0.03682,0.03757,0.00499,0.00362,0.00362,0.00362
akgM_12345	10	0.99365,0.00331,0.00305,0.00000,0.00000,0.00000	0.03682,0.03757,0.00499,0.00362,0.00362,0.00362
akgM_12345	20	0.95558,0.03683,0.00550,0.00209,0.00000,0.00000	0.03682,0.03757,0.00499,0.00362,0.00362,0.00362
akgM_12345	40	0.96719,0.03075,0.00206,0.00000,0.00000,0.00000	0.03682,0.03757,0.00499,0.00362,0.00362,0.00362
akgC_12345	0	0.98572,0.01428,0.00000,0.00000,0.00000,0.00000	0.03682,0.03757,0.00499,0.00362,0.00362,0.00362
akgC_12345	5	0.98042,0.01672,0.00215,0.00072,0.00000,0.00000	0.03682,0.03757,0.00499,0.00362,0.00362,0.00362
akgC_12345	10	0.99365,0.00331,0.00305,0.00000,0.00000,0.00000	0.03682,0.03757,0.00499,0.00362,0.00362,0.00362
akgC_12345	20	0.95558,0.03683,0.00550,0.00209,0.00000,0.00000	0.03682,0.03757,0.00499,0.00362,0.00362,0.00362
akgC_12345	40	0.96719,0.03075,0.00206,0.00000,0.00000,0.00000	0.03682,0.03757,0.00499,0.00362,0.00362,0.00362
r5pH_12345	0	0.98181,0.01819,0.00000,0.00000,0.00000,0.00000	0.24849,0.25333,0.16895,0.07688,0.09913,0.09913
r5pH_12345	5	0.71334,0.13520,0.15146,0.00000,0.00000,0.00000	0.24849,0.25333,0.16895,0.07688,0.09913,0.09913
r5pH_12345	10	0.55933,0.35127,0.08940,0.00000,0.00000,0.00000	0.24849,0.25333,0.16895,0.07688,0.09913,0.09913
r5pH_12345	20	0.35429,0.37208,0.18716,0.07208,0.01439,0.00000	0.24849,0.25333,0.16895,0.07688,0.09913,0.09913
r5pH_12345	40	0.32512,0.33201,0.15475,0.08354,0.10458,0.00000	0.24849,0.25333,0.16895,0.07688,0.09913,0.09913
succM_1234	0	0.99905,0.00049,0.00046,0.00000,0.00000	0.01053,0.01053,0.00409,0.00409,0.00409
succM_1234	5	0.98684,0.00321,0.00995,0.00000,0.00000	0.01053,0.01053,0.00409,0.00409,0.00409
succM_1234	10	0.99662,0.00338,0.00000,0.00000,0.00000	0.01053,0.01053,0.00409,0.00409,0.00409
succM_1234	20	0.99189,0.00811,0.00000,0.00000,0.00000	0.01053,0.01053,0.00409,0.00409,0.00409
succM_1234	40	0.99751,0.00249,0.00000,0.00000,0.00000	0.01053,0.01053,0.00409,0.00409,0.00409
n3pgC_123	0	0.99876,0.00124,0.00000,0.00000	0.05296,0.03980,0.01137,0.02382
n3pgC_123	5	0.72519,0.26762,0.00719,0.00000	0.05296,0.03980,0.01137,0.02382
n3pgC_123	10	0.63905,0.33953,0.01914,0.00229	0.05296,0.03980,0.01137,0.02382
n3pgC_123	20	0.49423,0.40324,0.08386,0.01867	0.05296,0.03980,0.01137,0.02382
n3pgC_123	40	0.44734,0.35380,0.15114,0.04772	0.05296,0.03980,0.01137,0.02382
n3pgH_123	0	0.99876,0.00124,0.00000,0.00000	0.05296,0.03980,0.01137,0.02382
n3pgH_123	5	0.72519,0.26762,0.00719,0.00000	0.05296,0.03980,0.01137,0.02382
n3pgH_123	10	0.63905,0.33953,0.01914,0.00229	0.05296,0.03980,0.01137,0.02382
n3pgH_123	20	0.49423,0.40324,0.08386,0.01867	0.05296,0.03980,0.01137,0.02382
n3pgH_123	40	0.44734,0.35380,0.15114,0.04772	0.05296,0.03980,0.01137,0.02382
pepC_123	0	0.99775,0.00225,0.00000,0.00000	0.12537,0.15782,0.07126,0.01442
pepC_123	5	0.83484,0.16516,0.00000,0.00000	0.12537,0.15782,0.07126,0.01442
pepC_123	10	0.73759,0.26147,0.00000,0.00094	0.12537,0.15782,0.07126,0.01442
pepC_123	20	0.57227,0.40251,0.02291,0.00231	0.12537,0.15782,0.07126,0.01442
pepC_123	40	0.31349,0.53443,0.13621,0.01588	0.12537,0.15782,0.07126,0.01442
pepM_123	0	0.99775,0.00225,0.00000,0.00000	0.12537,0.15782,0.07126,0.01442
pepM_123	5	0.83484,0.16516,0.00000,0.00000	0.12537,0.15782,0.07126,0.01442
pepM_123	10	0.73759,0.26147,0.00000,0.00094	0.12537,0.15782,0.07126,0.01442
pepM_123	20	0.57227,0.40251,0.02291,0.00231	0.12537,0.15782,0.07126,0.01442
pepM_123	40	0.31349,0.53443,0.13621,0.01588	0.12537,0.15782,0.07126,0.01442
pepH_123	0	0.99775,0.00225,0.00000,0.00000	0.12537,0.15782,0.07126,0.01442
pepH_123	5	0.83484,0.16516,0.00000,0.00000	0.12537,0.15782,0.07126,0.01442
pepH_123	10	0.73759,0.26147,0.00000,0.00094	0.12537,0.15782,0.07126,0.01442
pepH_123	20	0.57227,0.40251,0.02291,0.00231	0.12537,0.15782,0.07126,0.01442
pepH_123	40	0.31349,0.53443,0.13621,0.01588	0.12537,0.15782,0.07126,0.01442
alaLC_123	0	0.97059,0.02916,0.00015,0.00009	0.00100,0.00100,0.00100,0.00100
alaLC_123	5	0.93596,0.06128,0.00265,0.00012	0.04473,0.03797,0.00675,0.00100
alaLC_123	10	0.83012,0.15481,0.01487,0.00019	0.09556,0.07264,0.02212,0.00164
alaLC_123	20	0.61180,0.31362,0.06991,0.00467	0.10708,0.05805,0.04383,0.00866
alaLC_123	40	0.36849,0.41420,0.18923,0.02809	0.07220,0.02429,0.04192,0.01552
alaLM_123	0	0.97040,0.02941,0.00012,0.00007	0.00100,0.00100,0.00100,0.00100
alaLM_123	5	0.93187,0.06506,0.00293,0.00014	0.04466,0.03791,0.00675,0.00100
alaLM_123	10	0.82663,0.15720,0.01593,0.00024	0.09548,0.07258,0.02211,0.00164
alaLM_123	20	0.61812,0.30587,0.07112,0.00490	0.10700,0.05800,0.04381,0.00866
alaLM_123	40	0.38200,0.40556,0.18437,0.02807	0.07217,0.02429,0.04190,0.01551
citM_123456	0	0.93801,0.06090,0.00079,0.00008,0.00009,0.00007,0.00005	0.00100,0.00100,0.00100,0.00100,0.00100,0.00100,0.00100
citM_123456	5	0.93881,0.06033,0.00055,0.00009,0.00006,0.00007,0.00009	0.00125,0.00100,0.00100,0.00100,0.00100,0.00100,0.00100
citM_123456	10	0.94185,0.05743,0.00043,0.00006,0.00008,0.00007,0.00008	0.00495,0.00332,0.00139,0.00100,0.00100,0.00100,0.00100
citM_123456	20	0.94172,0.05642,0.00154,0.00009,0.00008,0.00007,0.00008	0.01703,0.00971,0.00573,0.00154,0.00100,0.00100,0.00100
citM_123456	40	0.93379,0.06097,0.00437,0.00061,0.00009,0.00008,0.00007	0.04566,0.02043,0.01762,0.00689,0.00116,0.00100,0.00100
e4pH_1234	0	0.95936,0.04024,0.00022,0.00008,0.00011	0.00100,0.00100,0.00100,0.00100,0.00100
e4pH_1234	5	0.85536,0.13493,0.00935,0.00023,0.00012	0.05631,0.04169,0.01368,0.00143,0.00100
e4pH_1234	10	0.68170,0.27034,0.04450,0.00333,0.00014	0.07910,0.04002,0.03278,0.00737,0.00100
e4pH_1234	20	0.42216,0.40187,0.15108,0.02344,0.00144	0.06667,0.01213,0.04138,0.02156,0.00332
e4pH_1234	40	0.20820,0.39386,0.29164,0.09414,0.01215	0.03461,0.02303,0.02318,0.02662,0.00711
f6pBC_123456	0	0.93783,0.06140,0.00049,0.00009,0.00006,0.00007,0.00006	0.00100,0.00100,0.00100,0.00100,0.00100,0.00100,0.00100
f6pBC_123456	5	0.93828,0.06073,0.00062,0.00010,0.00009,0.00009,0.00009	0.00100,0.00100,0.00100,0.00100,0.00100,0.00100,0.00100
f6pBC_123456	10	0.93867,0.06048,0.00054,0.00009,0.00011,0.00006,0.00006	0.00100,0.00100,0.00100,0.00100,0.00100,0.00100,0.00100
f6pBC_123456	20	0.93880,0.06037,0.00052,0.00008,0.00007,0.00007,0.00009	0.00100,0.00100,0.00100,0.00100,0.00100,0.00100,0.00100
f6pBC_123456	40	0.93960,0.05962,0.00053,0.00005,0.00007,0.00007,0.00006	0.00100,0.00100,0.00100,0.00100,0.00100,0.00100,0.00100
fumM_1234	0	0.96064,0.03908,0.00015,0.00008,0.00006	0.00100,0.00100,0.00100,0.00100,0.00100
fumM_1234	5	0.95974,0.03986,0.00022,0.00009,0.00009	0.00100,0.00100,0.00100,0.00100,0.00100
fumM_1234	10	0.95979,0.03993,0.00013,0.00007,0.00008	0.00100,0.00100,0.00100,0.00100,0.00100
fumM_1234	20	0.95956,0.04008,0.00020,0.00009,0.00008	0.00100,0.00100,0.00100,0.00100,0.00100
fumM_1234	40	0.95915,0.04054,0.00014,0.00011,0.00006	0.00100,0.00100,0.00100,0.00100,0.00100
g1pC_123456	0	0.93863,0.06023,0.00072,0.00013,0.00012,0.00006,0.00011	0.00100,0.00100,0.00100,0.00100,0.00100,0.00100,0.00100
g1pC_123456	5	0.93804,0.06120,0.00042,0.00008,0.00013,0.00007,0.00007	0.00100,0.00100,0.00100,0.00100,0.00100,0.00100,0.00100
g1pC_123456	10	0.93821,0.06082,0.00063,0.00008,0.00008,0.00009,0.00009	0.00100,0.00100,0.00100,0.00100,0.00100,0.00100,0.00100
g1pC_123456	20	0.93761,0.06142,0.00055,0.00009,0.00013,0.00009,0.00011	0.00100,0.00100,0.00100,0.00100,0.00100,0.00100,0.00100
g1pC_123456	40	0.93830,0.06064,0.00070,0.00007,0.00008,0.00009,0.00012	0.00100,0.00100,0.00100,0.00100,0.00100,0.00100,0.00100
g6pAC_123456	0	0.93861,0.06019,0.00085,0.00008,0.00011,0.00008,0.00007	0.00100,0.00100,0.00100,0.00100,0.00100,0.00100,0.00100
g6pAC_123456	5	0.93875,0.06030,0.00061,0.00008,0.00007,0.00008,0.00011	0.00100,0.00100,0.00100,0.00100,0.00100,0.00100,0.00100
g6pAC_123456	10	0.93894,0.06017,0.00053,0.00014,0.00007,0.00006,0.00009	0.00100,0.00100,0.00100,0.00100,0.00100,0.00100,0.00100
g6pAC_123456	20	0.93898,0.06001,0.00066,0.00007,0.00010,0.00009,0.00009	0.00100,0.00100,0.00100,0.00100,0.00100,0.00100,0.00100
g6pAC_123456	40	0.93864,0.06047,0.00052,0.00008,0.00007,0.00012,0.00009	0.00100,0.00100,0.00100,0.00100,0.00100,0.00100,0.00100
glxC_12	0	0.98029,0.01958,0.00013	0.00100,0.00100,0.00100
glxC_12	5	0.98019,0.01969,0.00012	0.00100,0.00100,0.00100
glxC_12	10	0.98011,0.01977,0.00012	0.00100,0.00100,0.00100
glxC_12	20	0.98015,0.01976,0.00009	0.00100,0.00100,0.00100
glxC_12	40	0.98017,0.01969,0.00014	0.00100,0.00100,0.00100
glxH_12	0	0.98035,0.01951,0.00014	0.00100,0.00100,0.00100
glxH_12	5	0.98057,0.01931,0.00012	0.00100,0.00100,0.00100
glxH_12	10	0.98037,0.01951,0.00012	0.00100,0.00100,0.00100
glxH_12	20	0.98059,0.01929,0.00013	0.00100,0.00100,0.00100
glxH_12	40	0.98045,0.01944,0.00011	0.00100,0.00100,0.00100
glxM_12	0	0.98043,0.01944,0.00012	0.00100,0.00100,0.00100
glxM_12	5	0.98004,0.01981,0.00015	0.00100,0.00100,0.00100
glxM_12	10	0.98046,0.01940,0.00013	0.00100,0.00100,0.00100
glxM_12	20	0.98057,0.01926,0.00017	0.00529,0.00425,0.00105
glxM_12	40	0.97834,0.02112,0.00055	0.02240,0.01722,0.00522
glycltH_12	0	0.98044,0.01947,0.00009	0.00100,0.00100,0.00100
glycltH_12	5	0.98022,0.01969,0.00009	0.00100,0.00100,0.00100
glycltH_12	10	0.98044,0.01941,0.00015	0.00100,0.00100,0.00100
glycltH_12	20	0.98044,0.01940,0.00016	0.00100,0.00100,0.00100
glycltH_12	40	0.97993,0.01994,0.00013	0.00100,0.00100,0.00100
icitM_123456	0	0.93899,0.05997,0.00070,0.00010,0.00008,0.00009,0.00007	0.00100,0.00100,0.00100,0.00100,0.00100,0.00100,0.00100
icitM_123456	5	0.93935,0.05982,0.00051,0.00006,0.00012,0.00006,0.00008	0.00122,0.00100,0.00100,0.00100,0.00100,0.00100,0.00100
icitM_123456	10	0.94268,0.05653,0.00047,0.00009,0.00009,0.00009,0.00005	0.00490,0.00329,0.00137,0.00100,0.00100,0.00100,0.00100
icitM_123456	20	0.94325,0.05474,0.00167,0.00009,0.00008,0.00008,0.00010	0.01695,0.00967,0.00570,0.00153,0.00100,0.00100,0.00100
icitM_123456	40	0.93463,0.06004,0.00429,0.00080,0.00009,0.00008,0.00006	0.04557,0.02040,0.01758,0.00686,0.00115,0.00100,0.00100
oaaC_1234	0	0.95954,0.04014,0.00015,0.00008,0.00008	0.00100,0.00100,0.00100,0.00100,0.00100
oaaC_1234	5	0.95708,0.04154,0.00128,0.00004,0.00007	0.07335,0.05429,0.01717,0.00225,0.00100
oaaC_1234	10	0.94374,0.05144,0.00451,0.00027,0.00005	0.14170,0.09095,0.04287,0.00860,0.00100
oaaC_1234	20	0.91351,0.06969,0.01450,0.00224,0.00006	0.20805,0.10251,0.07912,0.02636,0.00331
oaaC_1234	40	0.85081,0.09922,0.03834,0.01058,0.00105	0.23299,0.08058,0.09884,0.04986,0.00961
oaaM_1234	0	0.95958,0.04013,0.00014,0.00007,0.00007	0.00100,0.00100,0.00100,0.00100,0.00100
oaaM_1234	5	0.95791,0.04093,0.00108,0.00005,0.00004	0.06788,0.05026,0.01587,0.00207,0.00100
oaaM_1234	10	0.94812,0.04795,0.00359,0.00031,0.00004	0.13769,0.08908,0.04117,0.00814,0.00100
oaaM_1234	20	0.91900,0.06595,0.01280,0.00217,0.00008	0.20636,0.10252,0.07808,0.02573,0.00319
oaaM_1234	40	0.85770,0.09512,0.03612,0.01000,0.00106	0.23271,0.08091,0.09863,0.04951,0.00950
pyrC_123	0	0.97031,0.02940,0.00019,0.00010	0.00100,0.00100,0.00100,0.00100
pyrC_123	5	0.93243,0.06447,0.00295,0.00015	0.04765,0.04045,0.00720,0.00100
pyrC_123	10	0.83103,0.15295,0.01585,0.00017	0.09670,0.07306,0.02279,0.00172
pyrC_123	20	0.61293,0.31038,0.07179,0.00490	0.10695,0.05761,0.04408,0.00879
pyrC_123	40	0.36322,0.41770,0.19002,0.02905	0.07198,0.02416,0.04187,0.01556
pyrH_123	0	0.97001,0.02978,0.00013,0.00008	0.00100,0.00100,0.00100,0.00100
pyrH_123	5	0.83911,0.15096,0.00977,0.00016	0.04860,0.03854,0.01007,0.00100
pyrH_123	10	0.68399,0.27644,0.03879,0.00079	0.06371,0.03835,0.02349,0.00264
pyrH_123	20	0.47246,0.40459,0.11440,0.00856	0.05809,0.01720,0.03443,0.00941
pyrH_123	40	0.28186,0.44427,0.23471,0.03916	0.03581,0.01000,0.02825,0.01340
pyrM_123	0	0.97091,0.02887,0.00014,0.00008	0.00100,0.00100,0.00100,0.00100
pyrM_123	5	0.93099,0.06588,0.00297,0.00017	0.04728,0.04012,0.00715,0.00100
pyrM_123	10	0.82636,0.15778,0.01559,0.00027	0.09649,0.07292,0.02272,0.00172
pyrM_123	20	0.62223,0.30168,0.07127,0.00483	0.10684,0.05755,0.04403,0.00878
pyrM_123	40	0.39041,0.40177,0.18006,0.02776	0.07194,0.02416,0.04184,0.01554
serLC_123	0	0.97080,0.02898,0.00013,0.00008	0.00100,0.00100,0.00100,0.00100
serLC_123	5	0.97042,0.02937,0.00013,0.00009	0.00100,0.00100,0.00100,0.00100
serLC_123	10	0.97039,0.02935,0.00015,0.00011	0.00100,0.00100,0.00100,0.00100
serLC_123	20	0.97018,0.02959,0.00014,0.00010	0.00100,0.00100,0.00100,0.00100
serLC_123	40	0.97068,0.02911,0.00011,0.00010	0.00100,0.00100,0.00100,0.00100
serLH_123	0	0.97008,0.02968,0.00015,0.00009	0.00100,0.00100,0.00100,0.00100
serLH_123	5	0.97019,0.02955,0.00017,0.00009	0.00100,0.00100,0.00100,0.00100
serLH_123	10	0.97022,0.02959,0.00009,0.00011	0.00100,0.00100,0.00100,0.00100
serLH_123	20	0.97032,0.02946,0.00014,0.00008	0.00100,0.00100,0.00100,0.00100
serLH_123	40	0.97015,0.02957,0.00017,0.00012	0.00100,0.00100,0.00100,0.00100
xu5pDH_12345	0	0.94912,0.05012,0.00037,0.00014,0.00013,0.00011	0.00100,0.00100,0.00100,0.00100,0.00100,0.00100
xu5pDH_12345	5	0.81627,0.16743,0.01532,0.00081,0.00009,0.00009	0.06949,0.04492,0.02136,0.00360,0.00100,0.00100
xu5pDH_12345	10	0.60289,0.31930,0.06967,0.00752,0.00050,0.00012	0.08551,0.02783,0.04284,0.01600,0.00254,0.00100
xu5pDH_12345	20	0.32090,0.41083,0.20940,0.05177,0.00673,0.00038	0.06071,0.02508,0.03630,0.03393,0.01120,0.00133
xu5pDH_12345	40	0.13035,0.32635,0.33153,0.16581,0.04131,0.00465	0.02682,0.03188,0.00979,0.03003,0.01809,0.00354
