#fragment_ID	time (s)	mean	sd
adpglcH_123456	0	0.98993,0.00604,0.00403,0.00000,0.00000,0.00000,0.00000	0.08991,0.07015,0.06241,0.06134,0.00352,0.01799,0.01799
adpglcH_123456	5	0.98120,0.01160,0.00720,0.00000,0.00000,0.00000,0.00000	0.08991,0.07015,0.06241,0.06134,0.00352,0.01799,0.01799
adpglcH_123456	10	0.84165,0.09687,0.05191,0.00823,0.00135,0.00000,0.00000	0.08991,0.07015,0.06241,0.06134,0.00352,0.01799,0.01799
adpglcH_123456	20	0.52339,0.25898,0.17188,0.03633,0.00833,0.00108,0.00000	0.08991,0.07015,0.06241,0.06134,0.00352,0.01799,0.01799
adpglcH_123456	40	0.25932,0.33699,0.25288,0.11891,0.01288,0.01901,0.00000	0.08991,0.07015,0.06241,0.06134,0.00352,0.01799,0.01799
dhapH_123	0	0.99710,0.00290,0.00000,0.00000	0.12509,0.10020,0.08375,0.01003
dhapH_123	5	0.79393,0.16646,0.03960,0.00000	0.12509,0.10020,0.08375,0.01003
dhapH_123	10	0.59145,0.32133,0.08143,0.00579	0.12509,0.10020,0.08375,0.01003
dhapH_123	20	0.47703,0.40091,0.11178,0.01028	0.12509,0.10020,0.08375,0.01003
dhapH_123	40	0.26407,0.44481,0.24578,0.04533	0.12509,0.10020,0.08375,0.01003
dhapC_123	0	0.99710,0.00290,0.00000,0.00000	0.12509,0.10020,0.08375,0.01003
dhapC_123	5	0.79393,0.16646,0.03960,0.00000	0.12509,0.10020,0.08375,0.01003
dhapC_123	10	0.59145,0.32133,0.08143,0.00579	0.12509,0.10020,0.08375,0.01003
dhapC_123	20	0.47703,0.40091,0.11178,0.01028	0.12509,0.10020,0.08375,0.01003
dhapC_123	40	0.26407,0.44481,0.24578,0.04533	0.12509,0.10020,0.08375,0.01003
fdpBH_123456	0	0.98978,0.00000,0.00293,0.00539,0.00190,0.00000,0.00000	0.15927,0.07305,0.05335,0.06132,0.05303,0.01455,0.00556
fdpBH_123456	5	0.55512,0.33677,0.08753,0.01173,0.00617,0.00000,0.00269	0.15927,0.07305,0.05335,0.06132,0.05303,0.01455,0.00556
fdpBH_123456	10	0.42505,0.37958,0.16050,0.02711,0.00190,0.00383,0.00203	0.15927,0.07305,0.05335,0.06132,0.05303,0.01455,0.00556
fdpBH_123456	20	0.32748,0.30440,0.25792,0.08274,0.02452,0.00295,0.00000	0.15927,0.07305,0.05335,0.06132,0.05303,0.01455,0.00556
fdpBH_123456	40	0.24230,0.32011,0.18120,0.12161,0.08697,0.04000,0.00782	0.15927,0.07305,0.05335,0.06132,0.05303,0.01455,0.00556
fdpBC_123456	0	0.98978,0.00000,0.00293,0.00539,0.00190,0.00000,0.00000	0.15927,0.07305,0.05335,0.06132,0.05303,0.01455,0.00556
fdpBC_123456	5	0.55512,0.33677,0.08753,0.01173,0.00617,0.00000,0.00269	0.15927,0.07305,0.05335,0.06132,0.05303,0.01455,0.00556
fdpBC_123456	10	0.42505,0.37958,0.16050,0.02711,0.00190,0.00383,0.00203	0.15927,0.07305,0.05335,0.06132,0.05303,0.01455,0.00556
fdpBC_123456	20	0.32748,0.30440,0.25792,0.08274,0.02452,0.00295,0.00000	0.15927,0.07305,0.05335,0.06132,0.05303,0.01455,0.00556
fdpBC_123456	40	0.24230,0.32011,0.18120,0.12161,0.08697,0.04000,0.00782	0.15927,0.07305,0.05335,0.06132,0.05303,0.01455,0.00556
f6pBH_123456	0	0.97651,0.02349,0.00000,0.00000,0.00000,0.00000,0.00000	0.17717,0.06563,0.25981,0.05133,0.14534,0.00499,0.00499
f6pBH_123456	5	0.64203,0.15093,0.20066,0.00637,0.00000,0.00000,0.00000	0.17717,0.06563,0.25981,0.05133,0.14534,0.00499,0.00499
f6pBH_123456	10	0.54980,0.20178,0.23720,0.00895,0.00226,0.00000,0.00000	0.17717,0.06563,0.25981,0.05133,0.14534,0.00499,0.00499
f6pBH_123456	20	0.41558,0.30182,0.18768,0.06843,0.02431,0.00217,0.00000	0.17717,0.06563,0.25981,0.05133,0.14534,0.00499,0.00499
f6pBH_123456	40	0.28678,0.17117,0.29044,0.12502,0.12230,0.00428,0.00000	0.17717,0.06563,0.25981,0.05133,0.14534,0.00499,0.00499
g1pH_123456	0	0.99346,0.00080,0.00573,0.00000,0.00000,0.00000,0.00000	0.10918,0.04838,0.06202,0.02705,0.01256,0.00076,0.00064
g1pH_123456	5	0.79610,0.15774,0.04592,0.00000,0.00024,0.00000,0.00000	0.10918,0.04838,0.06202,0.02705,0.01256,0.00076,0.00064
g1pH_123456	10	0.70612,0.21429,0.07021,0.00939,0.00000,0.00000,0.00000	0.10918,0.04838,0.06202,0.02705,0.01256,0.00076,0.00064
g1pH_123456	20	0.54946,0.22797,0.16882,0.04694,0.00607,0.00042,0.00031	0.10918,0.04838,0.06202,0.02705,0.01256,0.00076,0.00064
g1pH_123456	40	0.43589,0.18237,0.23737,0.09314,0.04575,0.00475,0.00074	0.10918,0.04838,0.06202,0.02705,0.01256,0.00076,0.00064
g6pAH_123456	0	1.00000,0.00000,0.00000,0.00000,0.00000,0.00000,0.00000	0.09899,0.03623,0.09604,0.00967,0.00860,0.00100,0.00070
g6pAH_123456	5	0.80591,0.06639,0.12765,0.00000,0.00005,0.00000,0.00000	0.09899,0.03623,0.09604,0.00967,0.00860,0.00100,0.00070
g6pAH_123456	10	0.72666,0.15183,0.12033,0.00050,0.00042,0.00025,0.00000	0.09899,0.03623,0.09604,0.00967,0.00860,0.00100,0.00070
g6pAH_123456	20	0.56248,0.20163,0.20185,0.02935,0.00413,0.00016,0.00040	0.09899,0.03623,0.09604,0.00967,0.00860,0.00100,0.00070
g6pAH_123456	40	0.37264,0.21888,0.28851,0.07539,0.04233,0.00166,0.00059	0.09899,0.03623,0.09604,0.00967,0.00860,0.00100,0.00070
rb15bpH_12345	0	0.98055,0.01945,0.00000,0.00000,0.00000,0.00000	0.12287,0.04806,0.02788,0.03855,0.00545,0.00448
rb15bpH_12345	5	0.72195,0.22622,0.03285,0.00974,0.00752,0.00173	0.12287,0.04806,0.02788,0.03855,0.00545,0.00448
rb15bpH_12345	10	0.58255,0.34397,0.05482,0.01240,0.00228,0.00398	0.12287,0.04806,0.02788,0.03855,0.00545,0.00448
rb15bpH_12345	20	0.38777,0.37029,0.15995,0.06543,0.01277,0.00379	0.12287,0.04806,0.02788,0.03855,0.00545,0.00448
rb15bpH_12345	40	0.33613,0.29326,0.20846,0.12235,0.03253,0.00726	0.12287,0.04806,0.02788,0.03855,0.00545,0.00448
ru5pDH_12345	0	0.99051,0.00949,0.00000,0.00000,0.00000,0.00000	0.17297,0.09396,0.11005,0.04246,0.12670,0.00569
ru5pDH_12345	5	0.89535,0.05550,0.01488,0.00000,0.03427,0.00000	0.17297,0.09396,0.11005,0.04246,0.12670,0.00569
ru5pDH_12345	10	0.65902,0.27743,0.06055,0.00300,0.00000,0.00000	0.17297,0.09396,0.11005,0.04246,0.12670,0.00569
ru5pDH_12345	20	0.46882,0.22958,0.18014,0.02934,0.08883,0.00329	0.17297,0.09396,0.11005,0.04246,0.12670,0.00569
ru5pDH_12345	40	0.50930,0.10905,0.18873,0.04672,0.14620,0.00000	0.17297,0.09396,0.11005,0.04246,0.12670,0.00569
s7pH_1234567	0	0.99482,0.00207,0.00310,0.00000,0.00000,0.00000,0.00000,0.00000	0.10882,0.13247,0.06642,0.03645,0.01979,0.06725,0.00556,0.00556
s7pH_1234567	5	0.62321,0.27505,0.09288,0.00885,0.00000,0.00000,0.00000,0.00000	0.10882,0.13247,0.06642,0.03645,0.01979,0.06725,0.00556,0.00556
s7pH_1234567	10	0.37498,0.33318,0.22283,0.05253,0.01647,0.00000,0.00000,0.00000	0.10882,0.13247,0.06642,0.03645,0.01979,0.06725,0.00556,0.00556
s7pH_1234567	20	0.18478,0.35358,0.27886,0.14286,0.03462,0.00427,0.00103,0.00000	0.10882,0.13247,0.06642,0.03645,0.01979,0.06725,0.00556,0.00556
s7pH_1234567	40	0.08189,0.22996,0.28091,0.18856,0.13283,0.08105,0.00481,0.00000	0.10882,0.13247,0.06642,0.03645,0.01979,0.06725,0.00556,0.00556
s17bpH_1234567	0	0.99859,0.00102,0.00039,0.00000,0.00000,0.00000,0.00000,0.00000	0.09978,0.13687,0.07482,0.08826,0.05904,0.05480,0.03450,0.03450
s17bpH_1234567	5	0.56227,0.26446,0.14595,0.01842,0.00890,0.00000,0.00000,0.00000	0.09978,0.13687,0.07482,0.08826,0.05904,0.05480,0.03450,0.03450
s17bpH_1234567	10	0.34002,0.35288,0.22140,0.06439,0.01449,0.00545,0.00137,0.00000	0.09978,0.13687,0.07482,0.08826,0.05904,0.05480,0.03450,0.03450
s17bpH_1234567	20	0.16442,0.34364,0.27915,0.13448,0.05354,0.02125,0.00352,0.00000	0.09978,0.13687,0.07482,0.08826,0.05904,0.05480,0.03450,0.03450
s17bpH_1234567	40	0.12515,0.24509,0.15851,0.24507,0.09933,0.09655,0.03029,0.00000	0.09978,0.13687,0.07482,0.08826,0.05904,0.05480,0.03450,0.03450
malLC_1234	0	1.00000,0.00000,0.00000,0.00000,0.00000	0.03198,0.02900,0.02167,0.00867,0.00374
malLC_1234	5	0.97794,0.02151,0.00000,0.00000,0.00055	0.03198,0.02900,0.02167,0.00867,0.00374
malLC_1234	10	0.93847,0.05847,0.00217,0.00060,0.00029	0.03198,0.02900,0.02167,0.00867,0.00374
malLC_1234	20	0.86914,0.10304,0.02335,0.00125,0.00321	0.03198,0.02900,0.02167,0.00867,0.00374
malLC_1234	40	0.83772,0.09961,0.04202,0.01695,0.00370	0.03198,0.02900,0.02167,0.00867,0.00374
malLM_1234	0	1.00000,0.00000,0.00000,0.00000,0.00000	0.03198,0.02900,0.02167,0.00867,0.00374
malLM_1234	5	0.97794,0.02151,0.00000,0.00000,0.00055	0.03198,0.02900,0.02167,0.00867,0.00374
malLM_1234	10	0.93847,0.05847,0.00217,0.00060,0.00029	0.03198,0.02900,0.02167,0.00867,0.00374
malLM_1234	20	0.86914,0.10304,0.02335,0.00125,0.00321	0.03198,0.02900,0.02167,0.00867,0.00374
malLM_1234	40	0.83772,0.09961,0.04202,0.01695,0.00370	0.03198,0.02900,0.02167,0.00867,0.00374
gluLC_12345	0	0.99039,0.00494,0.00113,0.00245,0.00000,0.00110	0.02432,0.02002,0.01437,0.00302,0.00160,0.00471
gluLC_12345	5	0.97395,0.01811,0.00016,0.00289,0.00093,0.00396	0.02432,0.02002,0.01437,0.00302,0.00160,0.00471
gluLC_12345	10	0.97555,0.02248,0.00000,0.00143,0.00000,0.00054	0.02432,0.02002,0.01437,0.00302,0.00160,0.00471
gluLC_12345	20	0.95688,0.03363,0.00830,0.00120,0.00000,0.00000	0.02432,0.02002,0.01437,0.00302,0.00160,0.00471
gluLC_12345	40	0.96653,0.02601,0.00593,0.00048,0.00000,0.00104	0.02432,0.02002,0.01437,0.00302,0.00160,0.00471
gluLM_12345	0	0.99039,0.00494,0.00113,0.00245,0.00000,0.00110	0.02432,0.02002,0.01437,0.00302,0.00160,0.00471
gluLM_12345	5	0.97395,0.01811,0.00016,0.00289,0.00093,0.00396	0.02432,0.02002,0.01437,0.00302,0.00160,0.00471
gluLM_12345	10	0.97555,0.02248,0.00000,0.00143,0.00000,0.00054	0.02432,0.02002,0.01437,0.00302,0.00160,0.00471
gluLM_12345	20	0.95688,0.03363,0.00830,0.00120,0.00000,0.00000	0.02432,0.02002,0.01437,0.00302,0.00160,0.00471
gluLM_12345	40	0.96653,0.02601,0.00593,0.00048,0.00000,0.00104	0.02432,0.02002,0.01437,0.00302,0.00160,0.00471
aspLC_1234	0	1.00000,0.00000,0.00000,0.00000,0.00000	0.08967,0.06869,0.02534,0.01507,0.00220
aspLC_1234	5	0.91896,0.08104,0.00000,0.00000,0.00000	0.08967,0.06869,0.02534,0.01507,0.00220
aspLC_1234	10	0.93829,0.05647,0.00244,0.00153,0.00127	0.08967,0.06869,0.02534,0.01507,0.00220
aspLC_1234	20	0.85435,0.11590,0.01304,0.01672,0.00000	0.08967,0.06869,0.02534,0.01507,0.00220
aspLC_1234	40	0.84237,0.12235,0.02854,0.00675,0.00000	0.08967,0.06869,0.02534,0.01507,0.00220
aspLM_1234	0	1.00000,0.00000,0.00000,0.00000,0.00000	0.08967,0.06869,0.02534,0.01507,0.00220
aspLM_1234	5	0.91896,0.08104,0.00000,0.00000,0.00000	0.08967,0.06869,0.02534,0.01507,0.00220
aspLM_1234	10	0.93829,0.05647,0.00244,0.00153,0.00127	0.08967,0.06869,0.02534,0.01507,0.00220
aspLM_1234	20	0.85435,0.11590,0.01304,0.01672,0.00000	0.08967,0.06869,0.02534,0.01507,0.00220
aspLM_1234	40	0.84237,0.12235,0.02854,0.00675,0.00000	0.08967,0.06869,0.02534,0.01507,0.00220
udpgC_123456	0	0.99551,0.00345,0.00000,0.00104,0.00000,0.00000,0.00000	0.04059,0.02870,0.00677,0.00545,0.00448,0.00113,0.00146
udpgC_123456	5	0.98268,0.01473,0.00000,0.00000,0.00259,0.00000,0.00000	0.04059,0.02870,0.00677,0.00545,0.00448,0.00113,0.00146
udpgC_123456	10	0.97974,0.01844,0.00000,0.00183,0.00000,0.00000,0.00000	0.04059,0.02870,0.00677,0.00545,0.00448,0.00113,0.00146
udpgC_123456	20	0.94914,0.04460,0.00271,0.00268,0.00086,0.00000,0.00000	0.04059,0.02870,0.00677,0.00545,0.00448,0.00113,0.00146
udpgC_123456	40	0.94254,0.03686,0.00464,0.00874,0.00563,0.00065,0.00093	0.04059,0.02870,0.00677,0.00545,0.00448,0.00113,0.00146
n2pglycH_12	0	1.00000,0.00000,0.00000	0.08746,0.10472,0.09506
n2pglycH_12	5	0.94994,0.03958,0.01048	0.08746,0.10472,0.09506
n2pglycH_12	10	0.87003,0.11493,0.01505	0.08746,0.10472,0.09506
n2pglycH_12	20	0.84752,0.11399,0.03849	0.08746,0.10472,0.09506
n2pglycH_12	40	0.74689,0.15901,0.09411	0.08746,0.10472,0.09506
akgM_12345	0	0.98572,0.01428,0.00000,0.00000,0.00000,0.00000	0.03682,0.03757,0.00499,0.00362,0.00362,0.00362
akgM_12345	5	0.98042,0.01672,0.00215,0.00072,0.00000,0.00000	0.03682,0.03757,0.00499,0.00362,0.00362,0.00362
akgM_12345	10	0.99365,0.00331,0.00305,0.00000,0.00000,0.00000	0.03682,0.03757,0.00499,0.00362,0.00362,0.00362
akgM_12345	20	0.95558,0.03683,0.00550,0.00209,0.00000,0.00000	0.03682,0.03757,0.00499,0.00362,0.00362,0.00362
akgM_12345	40	0.96719,0.03075,0.00206,0.00000,0.00000,0.00000	0.03682,0.03757,0.00499,0.00362,0.00362,0.00362
akgC_12345	0	0.98572,0.01428,0.00000,0.00000,0.00000,0.00000	0.03682,0.03757,0.00499,0.00362,0.00362,0.00362
akgC_12345	5	0.98042,0.01672,0.00215,0.00072,0.00000,0.00000	0.03682,0.03757,0.00499,0.00362,0.00362,0.00362
akgC_12345	10	0.99365,0.00331,0.00305,0.00000,0.00000,0.00000	0.03682,0.03757,0.00499,0.00362,0.00362,0.00362
akgC_12345	20	0.95558,0.03683,0.00550,0.00209,0.00000,0.00000	0.03682,0.03757,0.00499,0.00362,0.00362,0.00362
akgC_12345	40	0.96719,0.03075,0.00206,0.00000,0.00000,0.00000	0.03682,0.03757,0.00499,0.00362,0.00362,0.00362
r5pH_12345	0	0.98181,0.01819,0.00000,0.00000,0.00000,0.00000	0.24849,0.25333,0.16895,0.07688,0.09913,0.09913
r5pH_12345	5	0.71334,0.13520,0.15146,0.00000,0.00000,0.00000	0.24849,0.25333,0.16895,0.07688,0.09913,0.09913
r5pH_12345	10	0.55933,0.35127,0.08940,0.00000,0.00000,0.00000	0.24849,0.25333,0.16895,0.07688,0.09913,0.09913
r5pH_12345	20	0.35429,0.37208,0.18716,0.07208,0.01439,0.00000	0.24849,0.25333,0.16895,0.07688,0.09913,0.09913
r5pH_12345	40	0.32512,0.33201,0.15475,0.08354,0.10458,0.00000	0.24849,0.25333,0.16895,0.07688,0.09913,0.09913
n3pgC_123	0	0.99876,0.00124,0.00000,0.00000	0.05296,0.03980,0.01137,0.02382
n3pgC_123	5	0.72519,0.26762,0.00719,0.00000	0.05296,0.03980,0.01137,0.02382
n3pgC_123	10	0.63905,0.33953,0.01914,0.00229	0.05296,0.03980,0.01137,0.02382
n3pgC_123	20	0.49423,0.40324,0.08386,0.01867	0.05296,0.03980,0.01137,0.02382
n3pgC_123	40	0.44734,0.35380,0.15114,0.04772	0.05296,0.03980,0.01137,0.02382
n3pgH_123	0	0.99876,0.00124,0.00000,0.00000	0.05296,0.03980,0.01137,0.02382
n3pgH_123	5	0.72519,0.26762,0.00719,0.00000	0.05296,0.03980,0.01137,0.02382
n3pgH_123	10	0.63905,0.33953,0.01914,0.00229	0.05296,0.03980,0.01137,0.02382
n3pgH_123	20	0.49423,0.40324,0.08386,0.01867	0.05296,0.03980,0.01137,0.02382
n3pgH_123	40	0.44734,0.35380,0.15114,0.04772	0.05296,0.03980,0.01137,0.02382
pepC_123	0	0.99775,0.00225,0.00000,0.00000	0.12537,0.15782,0.07126,0.01442
pepC_123	5	0.83484,0.16516,0.00000,0.00000	0.12537,0.15782,0.07126,0.01442
pepC_123	10	0.73759,0.26147,0.00000,0.00094	0.12537,0.15782,0.07126,0.01442
pepC_123	20	0.57227,0.40251,0.02291,0.00231	0.12537,0.15782,0.07126,0.01442
pepC_123	40	0.31349,0.53443,0.13621,0.01588	0.12537,0.15782,0.07126,0.01442
pepM_123	0	0.99775,0.00225,0.00000,0.00000	0.12537,0.15782,0.07126,0.01442
pepM_123	5	0.83484,0.16516,0.00000,0.00000	0.12537,0.15782,0.07126,0.01442
pepM_123	10	0.73759,0.26147,0.00000,0.00094	0.12537,0.15782,0.07126,0.01442
pepM_123	20	0.57227,0.40251,0.02291,0.00231	0.12537,0.15782,0.07126,0.01442
pepM_123	40	0.31349,0.53443,0.13621,0.01588	0.12537,0.15782,0.07126,0.01442
pepH_123	0	0.99775,0.00225,0.00000,0.00000	0.12537,0.15782,0.07126,0.01442
pepH_123	5	0.83484,0.16516,0.00000,0.00000	0.12537,0.15782,0.07126,0.01442
pepH_123	10	0.73759,0.26147,0.00000,0.00094	0.12537,0.15782,0.07126,0.01442
pepH_123	20	0.57227,0.40251,0.02291,0.00231	0.12537,0.15782,0.07126,0.01442
pepH_123	40	0.31349,0.53443,0.13621,0.01588	0.12537,0.15782,0.07126,0.01442
alaLC_123	0	0.96837,0.03074,0.00053,0.00036	0.01000,0.01000,0.01000,0.01000
alaLC_123	5	0.88844,0.10428,0.00683,0.00046	0.01000,0.01000,0.01000,0.01000
alaLC_123	10	0.76744,0.20671,0.02454,0.00131	0.01000,0.01000,0.01000,0.01000
alaLC_123	20	0.61539,0.30655,0.07236,0.00571	0.01000,0.01000,0.01000,0.01000
alaLC_123	40	0.48547,0.35672,0.13944,0.01836	0.01170,0.01000,0.01000,0.01000
alaLM_123	0	0.96832,0.03096,0.00043,0.00029	0.01000,0.01000,0.01000,0.01000
alaLM_123	5	0.88960,0.10311,0.00675,0.00054	0.01000,0.01000,0.01000,0.01000
alaLM_123	10	0.76902,0.20508,0.02466,0.00125	0.01000,0.01000,0.01000,0.01000
alaLM_123	20	0.61855,0.30452,0.07150,0.00543	0.01000,0.01000,0.01000,0.01000
alaLM_123	40	0.48847,0.35504,0.13797,0.01853	0.01203,0.01000,0.01000,0.01000
citM_123456	0	0.93718,0.06011,0.00143,0.00031,0.00044,0.00029,0.00023	0.01000,0.01000,0.01000,0.01000,0.01000,0.01000,0.01000
citM_123456	5	0.92851,0.06746,0.00281,0.00042,0.00030,0.00024,0.00026	0.01000,0.01000,0.01000,0.01000,0.01000,0.01000,0.01000
citM_123456	10	0.91019,0.08119,0.00663,0.00108,0.00032,0.00029,0.00030	0.01000,0.01000,0.01000,0.01000,0.01000,0.01000,0.01000
citM_123456	20	0.87137,0.10613,0.01830,0.00283,0.00067,0.00044,0.00025	0.01246,0.01000,0.01000,0.01000,0.01000,0.01000,0.01000
citM_123456	40	0.80745,0.14319,0.03782,0.00914,0.00150,0.00046,0.00044	0.01726,0.01000,0.01000,0.01000,0.01000,0.01000,0.01000
e4pH_1234	0	0.95769,0.04117,0.00053,0.00032,0.00029	0.01000,0.01000,0.01000,0.01000,0.01000
e4pH_1234	5	0.81687,0.16556,0.01609,0.00103,0.00045	0.01000,0.01000,0.01000,0.01000,0.01000
e4pH_1234	10	0.64784,0.29245,0.05463,0.00457,0.00050	0.01000,0.01000,0.01000,0.01000,0.01000
e4pH_1234	20	0.43547,0.39730,0.14262,0.02298,0.00164	0.01000,0.01000,0.01000,0.01000,0.01000
e4pH_1234	40	0.26657,0.41385,0.24623,0.06628,0.00706	0.01000,0.01000,0.01000,0.01000,0.01000
f6pBC_123456	0	0.93717,0.06007,0.00160,0.00031,0.00029,0.00027,0.00030	0.01000,0.01000,0.01000,0.01000,0.01000,0.01000,0.01000
f6pBC_123456	5	0.90492,0.08594,0.00746,0.00052,0.00035,0.00038,0.00043	0.01000,0.01000,0.01000,0.01000,0.01000,0.01000,0.01000
f6pBC_123456	10	0.78912,0.17016,0.03415,0.00470,0.00079,0.00048,0.00061	0.01252,0.01000,0.01000,0.01000,0.01000,0.01000,0.01000
f6pBC_123456	20	0.48737,0.32852,0.13969,0.03671,0.00598,0.00102,0.00071	0.02125,0.01114,0.01000,0.01000,0.01000,0.01000,0.01000
f6pBC_123456	40	0.19087,0.34527,0.28695,0.13289,0.03697,0.00598,0.00107	0.01449,0.01000,0.01000,0.01000,0.01000,0.01000,0.01000
fumM_1234	0	0.95792,0.04092,0.00052,0.00029,0.00034	0.01000,0.01000,0.01000,0.01000,0.01000
fumM_1234	5	0.95763,0.04105,0.00070,0.00034,0.00028	0.01000,0.01000,0.01000,0.01000,0.01000
fumM_1234	10	0.95577,0.04215,0.00118,0.00052,0.00038	0.01000,0.01000,0.01000,0.01000,0.01000
fumM_1234	20	0.94993,0.04753,0.00198,0.00029,0.00029	0.01000,0.01000,0.01000,0.01000,0.01000
fumM_1234	40	0.93432,0.05949,0.00513,0.00061,0.00046	0.01000,0.01000,0.01000,0.01000,0.01000
g1pC_123456	0	0.93733,0.06027,0.00118,0.00040,0.00027,0.00027,0.00028	0.01000,0.01000,0.01000,0.01000,0.01000,0.01000,0.01000
g1pC_123456	5	0.93710,0.06054,0.00128,0.00026,0.00030,0.00030,0.00023	0.01000,0.01000,0.01000,0.01000,0.01000,0.01000,0.01000
g1pC_123456	10	0.93252,0.06381,0.00231,0.00033,0.00027,0.00025,0.00051	0.01000,0.01000,0.01000,0.01000,0.01000,0.01000,0.01000
g1pC_123456	20	0.89073,0.09257,0.01256,0.00277,0.00051,0.00045,0.00040	0.01000,0.01000,0.01000,0.01000,0.01000,0.01000,0.01000
g1pC_123456	40	0.69443,0.18426,0.08490,0.02799,0.00653,0.00119,0.00069	0.03084,0.01516,0.01088,0.01000,0.01000,0.01000,0.01000
g6pAC_123456	0	0.93725,0.06035,0.00137,0.00025,0.00027,0.00026,0.00025	0.01000,0.01000,0.01000,0.01000,0.01000,0.01000,0.01000
g6pAC_123456	5	0.93546,0.06197,0.00149,0.00024,0.00033,0.00026,0.00025	0.01000,0.01000,0.01000,0.01000,0.01000,0.01000,0.01000
g6pAC_123456	10	0.92054,0.07286,0.00496,0.00043,0.00052,0.00029,0.00040	0.01000,0.01000,0.01000,0.01000,0.01000,0.01000,0.01000
g6pAC_123456	20	0.83748,0.12588,0.02857,0.00580,0.00124,0.00046,0.00057	0.01337,0.01000,0.01000,0.01000,0.01000,0.01000,0.01000
g6pAC_123456	40	0.58579,0.22906,0.12561,0.04581,0.01062,0.00223,0.00088	0.03178,0.01460,0.01140,0.01000,0.01000,0.01000,0.01000
glxC_12	0	0.97905,0.02062,0.00033	0.01000,0.01000,0.01000
glxC_12	5	0.97916,0.02051,0.00034	0.01000,0.01000,0.01000
glxC_12	10	0.97897,0.02056,0.00047	0.01000,0.01000,0.01000
glxC_12	20	0.97902,0.02065,0.00032	0.01000,0.01000,0.01000
glxC_12	40	0.97899,0.02066,0.00035	0.01000,0.01000,0.01000
glxH_12	0	0.97882,0.02074,0.00044	0.01000,0.01000,0.01000
glxH_12	5	0.97899,0.02066,0.00035	0.01000,0.01000,0.01000
glxH_12	10	0.97884,0.02074,0.00043	0.01000,0.01000,0.01000
glxH_12	20	0.97888,0.02068,0.00044	0.01000,0.01000,0.01000
glxH_12	40	0.97902,0.02062,0.00036	0.01000,0.01000,0.01000
glxM_12	0	0.97891,0.02064,0.00045	0.01000,0.01000,0.01000
glxM_12	5	0.97398,0.02474,0.00128	0.01000,0.01000,0.01000
glxM_12	10	0.96382,0.03408,0.00211	0.01000,0.01000,0.01000
glxM_12	20	0.94537,0.04969,0.00494	0.01000,0.01000,0.01000
glxM_12	40	0.92087,0.06826,0.01088	0.01225,0.01033,0.01000
glycltH_12	0	0.97898,0.02062,0.00040	0.01000,0.01000,0.01000
glycltH_12	5	0.97875,0.02083,0.00042	0.01000,0.01000,0.01000
glycltH_12	10	0.97888,0.02069,0.00043	0.01000,0.01000,0.01000
glycltH_12	20	0.97872,0.02085,0.00043	0.01000,0.01000,0.01000
glycltH_12	40	0.97822,0.02135,0.00043	0.01000,0.01000,0.01000
icitM_123456	0	0.93744,0.06000,0.00136,0.00032,0.00025,0.00028,0.00034	0.01000,0.01000,0.01000,0.01000,0.01000,0.01000,0.01000
icitM_123456	5	0.92882,0.06727,0.00274,0.00042,0.00021,0.00029,0.00025	0.01000,0.01000,0.01000,0.01000,0.01000,0.01000,0.01000
icitM_123456	10	0.91119,0.08038,0.00685,0.00081,0.00029,0.00023,0.00025	0.01000,0.01000,0.01000,0.01000,0.01000,0.01000,0.01000
icitM_123456	20	0.87266,0.10561,0.01777,0.00271,0.00061,0.00029,0.00036	0.01235,0.01000,0.01000,0.01000,0.01000,0.01000,0.01000
icitM_123456	40	0.80718,0.14320,0.03856,0.00885,0.00150,0.00039,0.00032	0.01712,0.01000,0.01000,0.01000,0.01000,0.01000,0.01000
oaaC_1234	0	0.95818,0.04077,0.00054,0.00024,0.00026	0.01000,0.01000,0.01000,0.01000,0.01000
oaaC_1234	5	0.94083,0.05482,0.00335,0.00066,0.00034	0.01000,0.01000,0.01000,0.01000,0.01000
oaaC_1234	10	0.92164,0.06850,0.00855,0.00090,0.00041	0.01000,0.01000,0.01000,0.01000,0.01000
oaaC_1234	20	0.89400,0.08322,0.01884,0.00315,0.00079	0.01513,0.01084,0.01000,0.01000,0.01000
oaaC_1234	40	0.86069,0.09755,0.03257,0.00816,0.00103	0.02017,0.01238,0.01000,0.01000,0.01000
oaaM_1234	0	0.95779,0.04108,0.00048,0.00030,0.00035	0.01000,0.01000,0.01000,0.01000,0.01000
oaaM_1234	5	0.94345,0.05264,0.00305,0.00058,0.00028	0.01000,0.01000,0.01000,0.01000,0.01000
oaaM_1234	10	0.92584,0.06491,0.00769,0.00115,0.00042	0.01000,0.01000,0.01000,0.01000,0.01000
oaaM_1234	20	0.89857,0.08052,0.01725,0.00302,0.00064	0.01399,0.01012,0.01000,0.01000,0.01000
oaaM_1234	40	0.86604,0.09472,0.03044,0.00772,0.00107	0.01870,0.01143,0.01000,0.01000,0.01000
pyrC_123	0	0.96830,0.03088,0.00051,0.00031	0.01000,0.01000,0.01000,0.01000
pyrC_123	5	0.88309,0.10897,0.00740,0.00054	0.01000,0.01000,0.01000,0.01000
pyrC_123	10	0.76166,0.21134,0.02572,0.00128	0.01000,0.01000,0.01000,0.01000
pyrC_123	20	0.61103,0.30968,0.07343,0.00587	0.01000,0.01000,0.01000,0.01000
pyrC_123	40	0.48002,0.35916,0.14163,0.01919	0.01128,0.01000,0.01000,0.01000
pyrH_123	0	0.96840,0.03086,0.00045,0.00028	0.01000,0.01000,0.01000,0.01000
pyrH_123	5	0.81695,0.16954,0.01287,0.00063	0.01000,0.01000,0.01000,0.01000
pyrH_123	10	0.67642,0.28136,0.04019,0.00202	0.01000,0.01000,0.01000,0.01000
pyrH_123	20	0.50661,0.38565,0.09935,0.00839	0.01000,0.01000,0.01000,0.01000
pyrH_123	40	0.36037,0.43611,0.17865,0.02488	0.01000,0.01000,0.01000,0.01000
pyrM_123	0	0.96839,0.03094,0.00042,0.00025	0.01000,0.01000,0.01000,0.01000
pyrM_123	5	0.88476,0.10751,0.00717,0.00056	0.01000,0.01000,0.01000,0.01000
pyrM_123	10	0.76709,0.20644,0.02496,0.00152	0.01000,0.01000,0.01000,0.01000
pyrM_123	20	0.61873,0.30297,0.07243,0.00587	0.01013,0.01000,0.01000,0.01000
pyrM_123	40	0.49090,0.35118,0.13962,0.01830	0.01190,0.01000,0.01000,0.01000
serLC_123	0	0.96827,0.03097,0.00043,0.00033	0.01000,0.01000,0.01000,0.01000
serLC_123	5	0.96854,0.03066,0.00049,0.00032	0.01000,0.01000,0.01000,0.01000
serLC_123	10	0.96798,0.03132,0.00042,0.00029	0.01000,0.01000,0.01000,0.01000
serLC_123	20	0.96837,0.03094,0.00037,0.00032	0.01000,0.01000,0.01000,0.01000
serLC_123	40	0.96833,0.03097,0.00040,0.00031	0.01000,0.01000,0.01000,0.01000
serLH_123	0	0.96810,0.03111,0.00047,0.00032	0.01000,0.01000,0.01000,0.01000
serLH_123	5	0.96829,0.03087,0.00044,0.00039	0.01000,0.01000,0.01000,0.01000
serLH_123	10	0.96841,0.03082,0.00045,0.00032	0.01000,0.01000,0.01000,0.01000
serLH_123	20	0.96810,0.03098,0.00053,0.00039	0.01000,0.01000,0.01000,0.01000
serLH_123	40	0.96834,0.03082,0.00051,0.00033	0.01000,0.01000,0.01000,0.01000
xu5pDH_12345	0	0.94740,0.05049,0.00104,0.00027,0.00038,0.00043	0.01000,0.01000,0.01000,0.01000,0.01000,0.01000
xu5pDH_12345	5	0.75102,0.21766,0.02813,0.00251,0.00038,0.00031	0.01000,0.01000,0.01000,0.01000,0.01000,0.01000
xu5pDH_12345	10	0.54686,0.34756,0.09171,0.01230,0.00112,0.00045	0.01000,0.01000,0.01000,0.01000,0.01000,0.01000
xu5pDH_12345	20	0.33197,0.40721,0.20225,0.05109,0.00671,0.00077	0.01000,0.01000,0.01000,0.01000,0.01000,0.01000
xu5pDH_12345	40	0.18346,0.36916,0.29848,0.12175,0.02501,0.00214	0.01000,0.01000,0.01000,0.01000,0.01000,0.01000
