Light;Alga;Labeling time (sec);ADPG-0;ADPG-1;ADPG-2;ADPG-3;ADPG-4;ADPG-5;ADPG-6;glut-0;glut-1;glut-2;glut-3;glut-4;glut-5;2PG-0;2PG-1;2PG-2;FBP-0;FBP-1;FBP-2;FBP-3;FBP-4;FBP-5;FBP-6;SBP-0;SBP-1;SBP-2;SBP-3;SBP-4;SBP-5;SBP-6;SBP-7;DHAP-0;DHAP-1;DHAP-2;DHAP-3;malate-0;malate-1;malate-2;malate-3;malate-4;asp-0;asp-1;asp-2;asp-3;asp-4;G6P-0;G6P-1;G6P-2;G6P-3;G6P-4;G6P-5;G6P-6;f6p-0;f6p-1;f6p-2;f6p-3;f6p-4;f6p-5;f6p-6;g1p-0;g1p-1;g1p-2;g1p-3;g1p-4;g1p-5;g1p-6;2-OG-0;2-OG-1;2-OG-2;2-OG-3;2-OG-4;2-OG-5;R5P-0;R5P-1;R5P-2;R5P-3;R5P-4;R5P-5;PP-0;PP-1;PP-2;PP-3;PP-4;PP-5;succ-0;succ-1;succ-2;succ-3;succ-4;RuBP-0;RuBP-1;RuBP-2;RuBP-3;RuBP-4;RuBP-5;UDPG-0;UDPG-1;UDPG-2;UDPG-3;UDPG-4;UDPG-5;UDPG-6;S7P-0;S7P-1;S7P-2;S7P-3;S7P-4;S7P-5;S7P-6;S7P-7;3PGA-0;3PGA-1;3PGA-2;3PGA-3;PEP-0;PEP-1;PEP-2;PEP-3;
100 uE;Chlamy;0;12.84;0.24;0.16;0.00;0.00;0.00;0.00;209.15;0.17;0.25;1.23;0.00;0.49;2.41;0.00;0.00;39.83;0.00;0.00;0.18;0.00;0.00;0.00;81.84;0.00;0.00;0.00;0.00;0.00;0.00;0.00;25.13;0.00;0.00;0.00;81.11;0.00;0.00;0.00;0.00;85.81;0.00;0.00;0.00;0.00;118.12;0.00;0.00;0.00;0.00;0.00;0.00;24.93;1.00;0.00;0.00;0.00;0.00;0.00;32.48;0.08;0.57;0.00;0.00;0.00;0.00;18.17;0.58;0.00;0.00;0.00;0.00;7.32;0.00;0.00;0.00;0.00;0.00;6.17;0.08;0.00;0.00;0.00;0.00;36.58;0.00;0.05;0.00;0.00;187.30;4.36;0.00;0.00;0.00;0.00;51.16;0.21;0.00;0.00;0.00;0.00;0.00;13.21;0.00;0.00;0.00;0.00;0.00;0.00;0.00;4780520.00;0.00;0.00;0.00;152409.60;573.73;0.00;0.00;
100 uE;Chlamy;0;11.26;0.00;0.00;0.00;0.00;0.00;0.00;163.78;0.97;0.00;0.00;0.00;0.00;3.53;0.00;0.00;34.77;0.00;0.00;0.09;0.20;0.00;0.00;63.75;0.00;0.00;0.00;0.00;0.00;0.00;0.00;33.02;0.29;0.00;0.00;83.39;0.00;0.00;0.00;0.00;109.11;0.00;0.00;0.00;0.00;140.88;0.00;0.00;0.00;0.00;0.00;0.00;44.27;0.00;0.00;0.00;0.00;0.00;0.00;31.49;0.00;0.00;0.00;0.00;0.00;0.00;9.97;0.12;0.00;0.00;0.00;0.00;7.95;0.00;0.00;0.00;0.00;0.00;11.47;0.50;0.00;0.00;0.00;0.00;61.02;0.09;0.00;0.00;0.00;228.82;2.47;0.00;0.00;0.00;0.00;57.66;0.00;0.00;0.18;0.00;0.00;0.00;64.64;0.23;0.55;0.00;0.00;0.00;0.00;0.00;9158640.00;13560.56;0.00;0.00;825364.00;2487.70;0.00;0.00;
100 uE;Chlamy;0;7.21;0.00;0.00;0.00;0.00;0.00;0.00;233.20;1.92;0.52;0.36;0.00;0.23;3.02;0.00;0.00;32.37;0.00;0.29;0.30;0.00;0.00;0.00;68.48;0.21;0.08;0.00;0.00;0.00;0.00;0.00;21.27;0.00;0.00;0.00;90.07;0.00;0.00;0.00;0.00;134.85;0.00;0.00;0.00;0.00;106.63;0.00;0.00;0.00;0.00;0.00;0.00;18.51;0.61;0.00;0.00;0.00;0.00;0.00;31.13;0.00;0.00;0.00;0.00;0.00;0.00;17.82;0.00;0.00;0.00;0.00;0.00;2.39;0.07;0.00;0.00;0.00;0.00;3.26;0.00;0.00;0.00;0.00;0.00;41.66;0.00;0.00;0.00;0.00;190.52;4.87;0.00;0.00;0.00;0.00;53.94;0.34;0.00;0.00;0.00;0.00;0.00;11.05;0.03;0.01;0.00;0.00;0.00;0.00;0.00;3476488.00;7762.80;0.00;0.00;135812.40;0.00;0.00;0.00;
100 uE;Chlamy;5;6.23;0.15;0.07;0.00;0.00;0.00;0.00;139.70;2.12;0.07;0.41;0.40;1.32;2.90;0.09;0.02;23.99;10.69;5.04;0.00;0.08;0.00;0.20;38.78;9.13;9.36;0.00;0.00;0.00;0.00;0.00;19.99;1.16;0.89;0.00;59.66;1.06;0.00;0.00;0.10;89.12;6.79;0.00;0.00;0.00;56.11;4.32;10.78;0.00;0.01;0.00;0.00;10.32;1.98;5.11;0.00;0.00;0.00;0.00;22.67;4.49;0.75;0.00;0.02;0.00;0.00;16.63;0.15;0.00;0.00;0.00;0.00;3.10;0.11;0.15;0.00;0.00;0.00;4.55;1.01;0.36;0.00;0.00;0.00;40.65;0.00;0.60;0.00;0.00;176.49;61.23;7.18;4.01;2.41;1.00;37.53;0.57;0.00;0.00;0.00;0.00;0.00;6.26;1.47;1.51;0.00;0.00;0.00;0.00;0.00;2560220.00;1172564.00;8690.60;0.00;160141.60;35936.12;0.00;0.00;
100 uE;Chlamy;5;6.85;0.08;0.00;0.00;0.00;0.00;0.00;124.73;0.00;0.00;0.00;0.00;0.00;3.47;0.07;0.09;21.67;17.47;3.04;0.00;0.00;0.00;0.13;24.18;10.13;9.93;1.68;1.26;0.00;0.00;0.00;31.51;10.32;0.93;0.00;86.87;1.53;0.00;0.00;0.00;116.02;11.21;0.00;0.00;0.00;107.15;7.67;2.58;0.00;0.00;0.00;0.00;28.35;4.47;5.72;0.00;0.00;0.00;0.00;25.98;4.64;1.15;0.00;0.00;0.00;0.00;13.59;0.27;0.09;0.03;0.00;0.00;8.39;1.47;0.00;0.00;1.13;0.00;8.37;2.74;0.55;0.00;0.00;0.00;100.81;0.99;0.88;0.00;0.00;180.50;44.10;7.92;0.48;0.55;0.29;50.61;0.53;0.00;0.00;0.40;0.00;0.00;33.10;11.76;2.44;0.38;0.00;0.00;0.00;0.00;7942760.00;2575944.00;159430.00;0.00;619912.00;151728.80;0.00;0.00;
100 uE;Chlamy;5;4.60;0.00;0.05;0.00;0.00;0.00;0.00;108.12;4.50;0.00;0.66;0.00;0.31;1.07;0.08;0.00;12.74;7.60;1.49;0.81;0.38;0.00;0.00;14.93;12.59;1.92;0.59;0.00;0.00;0.00;0.00;14.19;3.95;1.09;0.00;43.95;1.35;0.00;0.00;0.00;60.68;5.58;0.00;0.00;0.00;45.47;4.64;13.29;0.00;0.00;0.00;0.00;8.44;3.15;2.26;0.27;0.00;0.00;0.00;20.11;4.41;1.98;0.00;0.00;0.00;0.00;14.28;0.32;0.00;0.00;0.00;0.00;0.88;0.00;0.00;0.00;0.00;0.00;2.17;0.00;1.15;0.00;0.00;0.00;54.68;0.00;0.37;0.00;0.00;99.15;35.32;5.17;1.61;1.52;0.00;28.98;0.56;0.00;0.00;0.00;0.00;0.00;2.41;2.03;0.31;0.09;0.00;0.00;0.00;0.00;1842148.00;611760.00;10661.64;0.00;191817.20;25066.88;0.00;0.00;
100 uE;Chlamy;10;10.66;0.60;0.78;0.23;0.05;0.00;0.00;222.39;7.86;0.00;0.00;0.00;0.00;2.48;0.30;0.00;31.09;28.99;14.14;1.72;0.17;0.00;0.22;47.02;45.66;17.30;8.55;0.61;1.99;0.50;0.00;27.91;14.11;2.09;0.78;113.28;7.71;0.32;0.22;0.00;142.15;8.04;1.11;0.00;0.58;154.96;31.35;25.18;0.00;0.25;0.16;0.00;45.55;17.29;5.52;1.90;0.48;0.00;0.00;27.16;9.65;3.10;0.22;0.00;0.00;0.00;12.29;0.00;0.00;0.00;0.00;0.00;7.10;2.04;0.78;0.09;0.00;0.00;7.00;6.35;0.69;0.00;0.00;0.00;52.74;0.26;0.00;0.00;0.00;283.50;162.53;28.19;4.73;1.31;1.50;66.80;2.91;0.00;0.00;0.00;0.00;0.00;45.18;29.12;13.45;3.19;1.01;0.00;0.00;0.00;11647400.00;6100160.00;459184.00;93717.60;1142168.00;489004.00;0.00;4623.96;
100 uE;Chlamy;10;9.86;1.14;1.12;0.00;0.00;0.00;0.00;225.43;5.58;0.00;0.86;0.00;0.32;2.71;0.04;0.13;25.87;29.69;10.10;2.40;0.24;0.34;0.22;27.56;26.31;21.37;2.27;3.10;0.00;0.00;0.00;15.16;8.45;3.75;0.00;98.08;5.57;0.19;0.00;0.09;110.53;10.70;0.00;0.00;0.00;76.52;15.47;16.98;0.00;0.01;0.00;0.00;12.74;8.35;15.79;0.00;0.00;0.00;0.00;19.20;7.23;2.90;0.31;0.00;0.00;0.00;36.63;0.00;0.25;0.00;0.00;0.00;2.26;1.38;0.25;0.00;0.00;0.00;1.71;2.14;1.08;0.00;0.00;0.00;248.03;0.00;0.00;0.00;0.00;164.32;111.62;19.88;7.31;1.27;2.71;50.29;0.51;0.00;0.28;0.00;0.00;0.00;4.45;4.24;3.45;0.37;0.50;0.00;0.00;0.00;3788816.00;2120516.00;131968.40;0.00;233651.60;57105.60;0.00;0.00;
100 uE;Chlamy;10;7.04;1.23;0.00;0.05;0.00;0.00;0.00;895.02;8.37;0.00;0.52;0.00;0.23;2.30;0.66;0.00;26.32;17.53;8.00;1.28;0.00;0.35;0.00;19.89;24.34;17.52;6.46;0.00;0.00;0.00;0.00;17.07;9.72;1.73;0.00;73.54;4.57;0.16;0.00;0.00;642.09;18.73;0.00;3.04;0.00;84.04;18.64;9.72;0.17;0.00;0.00;0.00;18.99;3.87;5.91;0.00;0.00;0.00;0.00;21.44;4.28;0.96;0.33;0.00;0.00;0.00;20.92;0.21;0.05;0.00;0.00;0.00;5.57;2.22;0.32;0.00;0.00;0.00;3.58;0.72;0.00;0.00;0.00;0.00;66.46;0.35;0.00;0.00;0.00;167.49;88.85;11.06;0.96;0.00;0.00;58.40;0.21;0.00;0.00;0.00;0.00;0.00;3.21;3.93;2.83;1.04;0.00;0.00;0.00;0.00;3207460.00;1640424.00;51383.20;8578.28;319002.40;129705.60;0.00;0.00;
100 uE;Chlamy;20;6.54;3.75;1.87;0.81;0.10;0.00;0.00;248.26;10.67;0.00;0.00;0.00;0.00;3.34;0.81;0.15;15.06;12.22;10.43;2.78;1.89;0.29;0.00;13.93;13.27;14.45;6.15;6.81;1.54;0.60;0.00;25.92;21.68;4.56;0.53;148.63;13.24;4.35;0.00;0.26;157.39;17.34;5.68;5.44;0.00;126.97;47.74;65.27;6.74;1.16;0.12;0.30;35.25;26.19;28.23;2.42;2.11;0.07;0.00;26.72;13.33;10.38;2.63;0.41;0.00;0.05;13.77;0.35;0.14;0.09;0.00;0.00;3.39;4.04;2.67;0.78;1.43;0.00;3.91;8.24;2.98;0.76;0.00;0.00;85.69;0.00;0.00;0.00;0.00;120.12;120.19;53.32;25.39;5.35;2.69;70.05;1.52;0.00;0.01;0.00;0.00;0.00;22.70;30.78;28.48;14.47;3.23;0.06;0.01;0.00;7038040.00;6333720.00;1165112.00;240233.60;719244.00;577952.00;25096.48;1046.33;
100 uE;Chlamy;20;9.33;3.32;2.12;0.49;0.08;0.05;0.00;331.93;13.62;0.00;0.00;0.00;0.00;2.24;0.27;0.22;19.15;20.90;15.52;6.78;1.26;0.13;0.00;17.73;45.16;38.86;16.50;0.88;4.25;0.00;0.00;22.09;20.31;6.43;0.21;145.39;15.52;3.06;0.62;0.27;254.19;27.58;2.43;0.00;0.00;149.52;54.32;39.09;9.50;1.96;0.00;0.00;29.64;18.86;0.00;4.25;2.18;0.00;0.00;21.51;6.09;3.13;0.85;0.26;0.04;0.00;17.29;0.42;0.12;0.00;0.00;0.00;8.48;2.29;2.46;0.40;2.44;0.16;7.80;5.93;1.32;0.63;0.00;0.00;64.14;1.31;0.00;0.00;0.00;182.29;151.65;64.51;23.36;5.39;0.60;78.06;5.21;0.69;0.67;0.22;0.00;0.00;26.07;37.62;33.15;14.33;4.41;1.22;0.35;0.00;8210600.00;6375120.00;1224188.00;327297.60;578340.00;360831.60;32429.48;6001.80;
100 uE;Chlamy;20;4.58;2.71;2.32;0.15;0.12;0.00;0.00;258.79;5.51;6.77;0.98;0.00;0.00;5.53;0.32;0.00;13.86;12.59;12.04;3.23;0.40;0.00;0.00;7.24;29.98;18.63;11.22;2.33;0.15;0.00;0.00;13.62;10.51;3.28;0.46;64.68;10.52;1.97;0.00;0.50;97.61;18.69;0.00;2.48;0.00;63.15;21.37;20.29;2.53;0.00;0.00;0.00;9.81;8.37;7.76;3.01;0.32;0.17;0.00;7.88;4.05;3.56;1.08;0.04;0.00;0.00;11.24;0.75;0.00;0.00;0.00;0.00;2.69;0.97;0.76;0.00;0.00;0.00;2.59;1.78;2.35;1.04;0.35;0.00;32.27;0.14;0.00;0.00;0.00;90.60;95.25;40.66;15.69;2.29;0.43;62.86;3.39;0.00;0.00;0.00;0.00;0.00;1.17;4.84;3.01;1.81;0.38;0.02;0.00;0.00;2276856.00;1766348.00;443308.00;89147.60;95240.00;65766.40;2717.16;0.00;
100 uE;Chlamy;40;2.41;1.73;1.31;0.92;0.10;0.24;0.00;185.15;1.97;2.40;0.00;0.00;0.00;1.42;0.45;0.19;3.00;7.16;4.99;3.17;2.17;0.92;0.30;4.23;7.94;3.72;11.15;1.99;2.57;2.30;0.00;10.87;14.10;5.41;1.23;60.24;6.58;4.85;1.24;0.55;136.53;19.85;7.97;0.32;0.00;52.55;23.92;37.67;11.43;6.50;0.14;0.16;15.25;9.55;18.01;3.66;1.98;0.15;0.00;19.57;9.29;10.84;4.09;2.14;0.20;0.05;17.38;0.35;0.11;0.00;0.00;0.00;2.07;0.45;1.14;0.11;1.03;0.00;2.27;2.93;1.96;1.48;1.14;0.00;44.38;0.00;0.00;0.00;0.00;45.02;62.43;43.25;29.90;6.85;1.73;52.68;0.32;0.00;0.33;0.42;0.00;0.00;6.40;9.31;14.18;10.48;6.45;2.19;0.54;0.00;3522384.00;2604508.00;1186348.00;296161.20;267362.40;218319.60;96834.80;2707.55;
100 uE;Chlamy;40;1.77;3.75;2.34;1.62;0.10;0.00;0.00;261.02;6.25;1.04;0.39;0.00;0.84;1.78;0.38;0.00;4.61;9.07;5.36;4.72;3.74;0.69;0.08;1.54;8.36;6.72;4.54;3.81;4.71;0.00;0.00;7.13;8.53;4.99;1.06;47.65;5.02;2.03;1.44;0.00;108.27;27.34;5.30;1.54;0.00;43.54;25.08;20.32;6.75;3.24;0.28;0.00;6.58;2.60;13.47;3.28;0.97;0.00;0.00;10.99;3.11;4.65;1.44;0.69;0.09;0.00;9.24;0.00;0.00;0.00;0.00;0.00;1.92;0.48;1.00;0.36;0.00;0.00;1.22;1.83;0.00;0.00;0.00;0.00;25.22;0.19;0.00;0.00;0.00;59.44;62.33;44.13;25.57;7.04;1.97;50.37;2.23;0.08;0.27;0.17;0.00;0.01;0.25;1.35;1.08;0.73;0.62;0.76;0.00;0.00;1311676.00;1278692.00;534984.00;252269.60;25141.72;77108.00;6157.60;3599.02;
100 uE;Chlamy;40;0.88;1.36;1.20;0.19;0.05;0.08;0.00;96.81;4.51;0.13;0.00;0.00;0.00;0.88;0.10;0.23;6.24;4.54;1.82;0.76;0.42;0.78;0.10;3.28;3.62;2.30;4.18;1.83;0.91;0.38;0.00;1.59;6.57;4.46;0.64;39.60;5.62;1.12;0.39;0.17;137.66;8.01;0.00;1.10;0.00;20.39;16.13;27.19;5.19;3.27;0.08;0.04;4.33;3.16;0.00;2.55;4.16;0.14;0.00;6.39;3.51;4.54;2.17;1.03;0.10;0.02;12.64;0.99;0.00;0.00;0.00;0.00;3.27;0.59;0.35;0.12;1.25;0.00;2.42;0.68;1.86;0.70;1.39;0.00;33.16;0.00;0.00;0.00;0.00;69.46;35.01;25.89;11.94;3.85;0.41;13.78;0.96;0.19;0.23;0.09;0.03;0.04;1.82;6.23;9.37;5.71;3.93;1.14;0.10;0.00;2389676.00;1658136.00;677404.00;143939.20;66393.60;138816.80;48216.80;2784.44;
100 uE;Sorokiniana;0;37.07;0.00;0.00;0.00;0.00;0.00;0.00;3212.24;4.89;0.00;0.00;1.13;0.15;4.65;0.00;0.00;124.37;0.00;0.00;0.00;0.00;0.00;0.00;110.10;0.00;0.00;0.00;0.00;0.00;0.00;0.00;60.18;0.09;0.00;0.00;2291.05;8.47;0.00;0.00;0.00;2341.81;80.68;0.00;0.00;0.00;600.14;0.00;0.00;0.00;0.00;0.00;0.00;144.87;0.01;0.00;0.00;0.00;0.00;0.00;160.71;0.57;0.00;0.00;0.00;0.00;0.00;82.54;2.22;0.00;0.00;0.00;0.00;20.71;0.59;0.00;0.00;0.00;0.00;58.34;0.00;0.00;0.00;0.00;0.00;102.74;0.11;0.00;0.00;0.00;2552.76;2.53;0.00;0.00;0.00;0.00;210.08;0.00;0.00;0.00;0.00;0.00;0.00;17.77;0.00;0.00;0.00;0.00;0.00;0.00;0.00;36072120.00;61928.00;0.00;0.00;2388452.00;0.00;0.00;0.00;
100 uE;Sorokiniana;0;22.77;0.00;0.00;0.00;0.00;0.00;0.00;2920.88;8.26;0.00;0.00;0.00;0.00;7.24;0.00;0.00;86.19;0.91;0.00;0.41;0.23;0.23;0.00;95.88;0.00;0.00;0.00;0.00;0.00;0.00;0.00;77.93;0.20;0.00;0.00;2603.04;1.08;0.00;0.00;0.00;3816.03;65.65;0.00;0.00;0.00;946.04;0.00;0.00;0.00;0.00;0.00;0.00;301.71;0.00;4.21;0.00;0.00;0.00;0.00;201.59;0.00;0.00;0.00;0.00;0.00;0.00;45.14;0.00;0.00;0.04;0.00;0.00;51.39;0.78;0.10;0.23;0.00;0.00;104.28;0.00;0.00;0.00;0.00;0.00;72.22;0.00;0.00;0.00;0.00;1949.55;25.56;0.00;0.00;0.00;0.00;195.88;0.00;0.00;0.00;0.00;0.00;0.00;223.09;0.00;0.00;0.00;0.00;0.00;0.00;0.00;94544000.00;76773.60;0.00;0.00;14725040.00;0.00;0.00;0.00;
100 uE;Sorokiniana;0;33.36;0.00;0.09;0.00;0.00;0.00;0.00;3577.74;0.00;0.00;0.14;0.00;0.26;6.18;0.00;0.00;109.72;0.00;0.00;0.17;0.00;0.00;0.00;104.16;5.60;0.00;0.00;0.00;0.00;0.00;0.00;55.96;0.00;0.00;0.00;2188.80;0.00;0.00;0.00;0.00;2971.31;86.91;0.00;0.00;0.00;666.54;0.00;0.00;0.00;0.00;0.00;0.00;157.80;2.77;0.00;0.00;0.00;0.00;0.00;109.48;0.23;0.00;0.00;0.00;0.00;0.00;103.93;0.00;0.00;0.00;0.00;0.00;20.84;0.58;0.00;0.00;0.00;0.00;64.17;0.00;0.00;0.00;0.00;0.00;33.09;0.00;0.00;0.00;0.00;1872.25;6.02;0.00;0.66;0.00;0.00;196.93;0.00;0.00;0.00;0.00;0.00;0.00;16.81;0.90;0.00;0.00;0.00;0.00;0.00;0.00;40528000.00;0.00;0.00;0.00;3529768.00;30720.60;0.00;0.00;
100 uE;Sorokiniana;5;20.26;1.87;0.00;0.00;0.00;0.00;0.00;2650.91;30.93;0.00;0.00;0.00;0.00;13.61;0.13;0.00;130.00;26.27;2.09;0.14;0.65;0.32;0.10;44.94;13.78;4.81;0.00;1.58;0.00;0.00;0.00;70.25;16.74;1.41;0.00;2945.79;24.42;0.00;0.00;0.29;3089.82;74.26;0.00;0.00;0.00;483.10;32.75;16.00;0.00;0.00;0.00;0.00;159.35;25.91;11.12;0.00;0.13;0.00;0.00;109.46;17.82;2.55;0.04;0.00;0.00;0.00;46.56;0.70;0.19;0.07;0.00;0.00;30.29;3.84;0.10;0.30;0.00;0.00;88.60;10.19;0.00;1.20;0.00;0.00;92.51;1.12;0.00;0.00;0.00;4164.28;290.67;0.00;1.90;1.53;0.06;184.67;0.00;0.00;0.00;0.00;0.00;0.00;73.31;32.61;11.25;1.03;0.37;0.00;0.00;0.00;81538800.00;7001640.00;0.00;0.00;6856920.00;1147932.00;0.00;4350.56;
100 uE;Sorokiniana;5;30.12;0.00;0.08;0.00;0.00;0.00;0.00;2936.97;8.13;0.00;0.00;0.00;0.49;5.39;0.00;0.00;50.58;12.77;0.00;0.84;0.00;0.00;0.00;72.35;3.17;0.00;0.00;0.00;0.00;0.00;0.00;43.52;3.98;0.14;0.00;1415.04;10.98;0.00;0.00;0.00;2800.55;64.28;0.00;0.64;0.00;527.69;20.51;0.00;0.00;0.00;0.00;0.00;113.85;5.21;5.11;0.00;0.00;0.00;0.00;90.53;5.66;0.18;0.00;0.02;0.00;0.00;71.22;3.14;0.52;0.00;0.00;0.00;15.30;2.66;0.00;0.77;0.00;0.00;31.56;2.06;0.00;1.82;0.00;0.00;93.75;0.00;0.00;0.00;0.00;1494.25;125.65;0.00;0.70;0.56;0.00;172.03;0.00;0.00;0.27;0.00;0.00;0.00;11.67;0.51;0.00;0.00;0.00;0.00;0.00;0.00;29899040.00;2376208.00;0.00;0.00;2884760.00;235483.20;990.46;0.00;
100 uE;Sorokiniana;5;17.83;0.00;0.00;0.03;0.00;0.00;0.00;1724.14;10.84;0.11;0.48;0.00;0.80;1.91;0.08;0.00;36.99;7.25;1.78;0.87;0.00;0.00;0.00;23.77;3.36;0.00;0.00;0.00;0.00;0.00;0.00;23.60;1.62;0.75;0.44;646.72;8.56;0.48;0.29;0.02;1281.87;56.23;0.00;1.88;0.00;288.79;12.93;9.29;0.00;0.19;0.00;0.00;55.14;5.81;6.73;0.00;0.17;0.00;0.00;77.48;0.00;0.92;0.00;0.05;0.00;0.00;32.08;1.28;0.00;0.00;0.00;0.00;6.00;1.08;0.00;0.00;0.00;0.00;10.02;0.47;0.29;0.00;0.00;0.00;34.87;0.00;0.00;0.00;0.00;951.72;77.78;4.34;1.65;0.00;0.00;91.19;0.11;0.00;0.00;0.00;0.00;0.00;3.84;0.54;0.00;0.00;0.00;0.00;0.00;0.00;17983680.00;1359524.00;0.00;0.00;1348876.00;130808.40;0.00;0.00;
100 uE;Sorokiniana;10;15.99;0.95;0.00;0.00;0.15;0.00;0.00;2011.22;7.04;0.00;0.00;0.00;0.00;4.26;0.13;0.09;35.82;17.64;0.00;0.27;0.06;0.00;0.00;34.16;18.83;3.26;0.00;0.00;0.00;0.00;0.00;45.44;14.20;0.00;0.54;1428.46;17.71;0.00;0.00;0.00;2493.11;75.63;0.00;0.00;0.00;534.83;35.49;9.81;0.00;0.65;0.00;0.00;153.02;38.40;15.33;0.00;0.03;0.00;0.00;106.20;21.72;5.38;0.00;0.01;0.00;0.00;25.00;0.69;0.00;0.00;0.00;0.00;16.72;3.93;0.34;0.00;1.23;0.00;41.63;10.26;0.00;0.00;0.00;0.00;42.74;0.04;0.02;0.00;0.00;1863.44;389.77;21.67;0.00;0.00;0.13;116.70;0.96;0.00;0.10;0.00;0.00;0.00;79.66;42.51;11.75;0.00;0.37;0.00;0.00;0.00;59799600.00;6799240.00;0.00;0.00;5629960.00;1049316.00;0.00;0.00;
100 uE;Sorokiniana;10;30.18;6.17;0.62;0.00;0.00;0.00;0.00;2761.66;0.00;0.00;0.00;0.00;0.81;8.62;0.44;0.00;154.85;82.35;17.74;0.00;0.00;0.37;0.00;32.21;22.81;13.60;6.94;0.12;0.00;0.00;0.00;66.82;31.53;4.15;0.00;2568.53;32.56;3.53;0.00;0.05;1919.61;75.45;0.00;0.94;0.00;280.32;46.55;22.83;1.97;0.00;0.00;0.00;57.56;32.87;18.13;0.93;0.26;0.35;0.00;66.61;27.63;11.48;0.63;0.06;0.00;0.00;83.89;0.00;0.00;0.00;0.00;0.00;20.88;10.56;1.44;0.33;0.47;0.00;79.36;22.61;2.03;0.00;0.00;0.00;35.15;0.01;0.00;0.00;0.00;3389.07;799.06;118.92;24.62;0.00;0.14;165.98;7.15;0.00;0.00;0.00;0.00;0.00;5.20;3.68;2.20;1.12;0.02;0.00;0.00;0.00;28284240.00;4912520.00;4402.64;29540.56;779928.00;572020.00;0.00;0.00;
100 uE;Sorokiniana;10;19.54;1.63;0.44;0.00;0.00;0.00;0.00;2535.89;12.95;0.00;0.00;0.00;0.00;6.21;0.25;0.00;50.83;37.93;6.35;0.30;0.00;0.14;0.00;21.72;26.09;1.62;2.24;0.00;0.00;0.00;0.00;64.05;31.92;1.96;0.00;1991.51;26.57;3.77;0.00;0.00;2851.38;86.17;0.00;0.00;0.00;463.02;60.35;21.00;0.00;0.35;0.00;0.00;142.26;50.48;19.80;0.68;0.24;0.00;0.00;110.26;33.80;10.22;0.00;0.00;0.00;0.00;33.73;1.44;0.46;0.00;0.00;0.00;18.24;6.59;1.04;0.00;0.75;0.00;42.88;15.82;2.63;0.74;0.11;0.00;37.26;1.07;0.00;0.00;0.00;2579.32;693.85;76.84;7.29;0.00;0.49;139.20;3.62;0.00;0.00;0.11;0.00;0.00;53.99;50.75;23.27;3.79;0.42;0.00;0.04;0.00;55418000.00;9232040.00;0.00;22193.64;5374760.00;2126544.00;1042.38;0.00;
100 uE;Sorokiniana;20;25.00;4.25;0.47;0.00;0.00;0.00;0.00;2572.22;19.77;0.00;0.00;0.25;0.87;4.91;0.08;0.00;32.99;24.97;9.91;0.13;0.00;0.29;0.37;20.03;24.54;11.23;0.00;0.00;0.00;0.00;0.00;34.66;18.09;3.21;0.00;1323.10;31.04;3.93;0.03;0.00;2175.93;100.40;0.00;0.60;0.00;388.14;53.07;19.95;0.15;0.00;0.00;0.00;73.57;32.89;12.04;1.39;1.11;0.00;0.00;87.65;25.27;10.00;0.75;0.14;0.00;0.00;45.47;1.66;0.00;0.00;0.00;0.00;14.15;4.44;2.45;0.00;0.93;0.00;22.76;14.23;5.29;0.74;0.71;0.00;23.23;0.00;0.00;0.00;0.00;1244.07;681.10;146.63;16.80;2.62;0.00;116.92;9.07;0.00;0.00;0.00;0.00;0.00;3.23;3.96;1.81;0.00;0.00;0.00;0.00;0.00;21813760.00;3997504.00;365708.00;0.00;881168.00;293371.60;15753.72;12132.40;
100 uE;Sorokiniana;20;20.11;6.47;2.53;0.00;0.00;0.00;0.00;2675.61;7.92;0.00;0.00;0.00;0.00;9.21;0.78;0.10;67.35;63.11;26.98;4.41;0.74;0.05;0.08;17.22;18.28;12.26;3.57;1.40;0.00;0.00;0.00;58.18;40.92;4.22;0.83;3031.93;56.87;10.77;0.26;0.17;2743.63;63.76;0.00;0.00;0.00;417.15;104.17;83.83;4.64;3.50;0.56;0.13;114.37;60.60;55.85;2.84;2.32;0.36;0.00;77.77;33.34;21.48;4.15;0.60;0.04;0.00;41.21;1.29;0.00;0.01;0.00;0.00;20.07;12.08;5.80;0.48;0.00;0.00;51.64;38.36;8.61;2.66;1.08;0.00;49.20;0.22;0.00;0.00;0.00;2332.78;1579.34;426.53;126.24;0.00;1.66;148.96;12.74;3.85;0.00;0.10;0.00;0.49;30.94;52.93;46.77;17.34;3.29;1.08;0.15;0.00;70587600.00;15422600.00;1546508.00;222410.80;2788984.00;1758280.00;94216.80;0.00;
100 uE;Sorokiniana;20;25.75;8.89;4.71;0.37;0.00;0.00;0.00;2489.49;12.00;0.00;0.00;0.00;0.00;4.47;0.11;0.00;128.57;89.16;30.46;3.10;0.53;0.74;0.00;36.01;15.43;6.69;5.02;0.00;1.11;0.00;0.00;81.34;48.13;2.29;0.00;3216.70;56.54;10.11;0.19;0.00;2381.44;105.53;0.00;0.00;0.00;445.61;175.60;86.23;7.68;4.23;0.00;0.00;137.40;78.30;9.91;8.85;1.85;0.05;0.00;112.19;59.09;24.67;3.81;0.38;0.01;0.05;46.24;1.28;0.02;0.01;0.00;0.00;38.72;13.96;3.74;0.00;0.89;0.18;121.34;53.45;9.34;1.21;0.31;0.00;45.42;0.00;0.00;0.00;0.00;3321.49;1441.86;326.71;80.62;0.00;0.88;156.33;16.87;5.55;0.00;0.47;0.00;0.00;45.93;81.51;55.25;20.62;2.06;0.28;1.00;0.00;70465200.00;16388760.00;648688.00;119952.40;5574320.00;3786224.00;173135.60;53664.80;
100 uE;Sorokiniana;40;12.02;4.76;6.87;1.34;1.51;0.00;0.06;1535.80;19.02;0.00;0.00;0.00;0.00;8.44;1.89;1.26;36.79;53.03;45.17;16.84;7.99;0.98;0.29;12.85;10.06;7.05;5.36;4.52;0.43;1.02;0.00;30.30;40.88;7.38;5.53;1738.48;54.10;16.08;3.37;1.72;1395.66;58.99;0.00;2.20;0.00;226.95;112.49;136.10;33.20;20.92;3.46;0.97;55.58;46.55;61.79;18.41;11.41;1.58;1.23;48.95;34.53;33.74;11.28;7.14;1.18;0.50;23.12;0.19;0.09;0.02;0.00;0.00;13.85;8.61;6.66;1.18;0.00;0.00;25.18;34.06;14.06;11.18;2.43;0.03;76.13;0.22;0.00;0.00;0.00;1052.09;1370.18;679.41;469.21;80.37;33.04;85.03;29.76;16.53;5.44;1.11;0.45;0.54;12.59;26.82;37.12;31.85;16.70;4.44;0.46;0.81;41683200.00;15227400.00;3163392.00;2138864.00;1192276.00;1604644.00;397991.20;235721.60;
100 uE;Sorokiniana;40;24.09;11.84;9.83;2.99;1.43;0.00;0.00;2034.42;0.00;0.00;0.00;0.15;0.00;5.01;1.01;1.00;45.40;57.01;33.46;11.19;3.91;0.83;0.42;12.74;11.66;9.48;8.12;0.69;0.58;0.00;0.90;36.96;54.93;10.60;3.25;1794.82;54.11;14.35;0.00;0.32;1868.08;108.70;10.28;0.00;0.00;255.79;98.32;104.67;27.82;15.26;2.56;0.48;54.77;36.39;45.15;13.70;8.01;0.79;0.62;77.52;0.00;43.37;13.05;6.06;1.20;0.12;70.84;2.34;0.00;0.00;0.00;0.00;25.18;14.82;6.30;3.72;1.83;0.09;43.67;39.72;16.01;8.33;2.43;0.06;87.95;0.00;0.00;0.00;0.00;951.10;771.00;313.09;181.35;29.20;7.77;85.16;29.42;18.30;4.24;2.04;0.00;0.01;24.31;51.48;52.98;37.32;16.23;5.82;1.06;0.89;34675300.00;10942100.00;2408776.00;1322720.00;942478.00;1052816.00;240669.40;122037.62;
100 uE;Sorokiniana;40;28.62;8.46;6.48;2.17;0.46;0.66;0.00;2674.47;0.00;0.00;0.00;0.00;0.00;6.88;2.18;1.38;38.47;48.50;29.87;8.04;4.69;1.35;0.00;21.55;17.69;19.24;8.19;2.39;0.77;0.00;0.00;35.79;30.37;11.64;2.47;1745.62;65.18;16.19;1.97;0.17;1905.93;96.14;0.00;2.10;1.03;284.63;84.15;73.24;22.45;9.59;1.67;0.00;53.96;26.22;28.51;8.98;4.60;0.00;0.00;83.08;40.37;29.09;10.20;2.79;0.44;0.00;58.89;3.04;0.00;0.00;0.00;0.00;9.38;12.19;2.76;1.95;1.49;0.00;23.13;25.91;14.59;3.90;0.71;0.00;35.54;0.00;0.40;0.00;0.00;866.61;986.36;557.87;216.55;33.82;3.84;109.63;26.50;11.51;2.34;0.74;0.00;0.00;3.48;2.85;3.10;1.32;0.39;0.12;0.00;0.00;27667400.00;6656800.00;1654160.00;506576.00;692680.00;500988.00;83347.60;8353.64;
100 uE;Ohadii;0;11.01;0.00;0.00;0.00;0.00;0.00;0.00;1970.72;8.49;0.00;0.00;0.00;0.00;2.47;0.00;0.00;87.30;0.07;0.00;0.00;0.00;0.00;0.14;69.13;2.15;0.00;0.00;0.00;0.00;0.00;0.00;93.86;0.33;0.00;0.00;625.16;0.36;0.00;0.00;0.00;1063.37;10.69;0.00;0.00;0.00;329.19;0.00;0.00;0.00;0.00;0.00;0.00;73.79;1.36;0.00;0.00;0.00;0.00;0.00;77.12;0.24;0.00;0.00;0.00;0.00;0.00;43.70;0.05;0.00;0.00;0.00;0.00;31.75;0.00;0.00;0.14;0.00;0.00;39.08;0.00;0.48;0.00;0.00;0.00;115.29;1.16;0.00;0.00;0.00;351.06;3.07;0.00;1.58;0.12;0.00;295.98;0.00;0.00;0.00;0.00;0.00;0.00;72.14;0.00;0.00;0.24;0.00;0.00;0.00;0.00;48532400.00;0.00;0.00;0.00;4613680.00;0.00;0.00;0.00;
100 uE;Ohadii;0;23.65;0.00;0.55;0.00;0.00;0.00;0.00;1935.29;5.16;0.00;2.27;0.00;0.00;4.54;0.00;0.00;126.18;0.84;0.08;0.00;0.00;0.00;0.00;99.44;4.88;0.00;0.00;0.00;0.00;0.00;0.00;92.34;0.00;0.00;0.00;293.04;0.00;0.00;0.00;0.00;667.09;17.18;0.00;0.00;0.00;227.74;0.00;0.05;0.08;0.00;0.00;0.00;48.05;0.27;0.57;0.00;0.00;0.00;0.00;65.82;0.00;0.00;0.00;0.00;0.00;0.00;57.49;0.05;0.00;0.00;0.00;0.00;32.56;0.00;0.00;0.00;0.00;0.00;34.98;0.00;0.00;0.00;0.00;0.00;76.94;0.00;0.00;0.00;0.00;433.37;3.42;0.00;0.00;0.00;0.00;305.37;0.00;0.00;0.00;0.00;0.00;0.00;16.05;0.79;0.00;0.00;0.00;0.00;0.00;0.00;11462440.00;107422.80;0.00;0.00;914628.00;0.00;0.00;0.00;
100 uE;Ohadii;0;11.50;0.01;0.16;0.00;0.00;0.00;0.00;2290.25;0.00;0.00;0.00;0.00;0.00;1.90;0.00;0.00;108.47;0.00;0.00;0.09;0.00;0.00;0.00;104.04;0.00;0.00;0.00;0.00;0.00;0.00;0.00;127.78;0.00;0.00;0.00;666.83;2.80;0.00;0.15;0.00;1277.25;19.89;0.00;0.00;0.00;393.14;0.00;0.00;0.00;0.00;0.00;0.00;107.82;0.00;0.00;0.00;0.00;0.00;0.00;79.79;0.00;0.00;0.00;0.00;0.00;0.00;33.10;0.37;0.05;0.00;0.04;0.00;27.92;0.37;0.00;0.12;0.00;0.00;51.48;0.20;0.00;0.00;0.00;0.00;87.15;0.00;0.00;0.00;0.00;433.14;1.76;0.00;0.00;0.00;0.00;296.52;0.00;0.00;0.00;0.00;0.00;0.00;85.88;0.00;0.00;0.01;0.00;0.00;0.00;0.00;46859600.00;88600.40;0.00;0.00;5202960.00;0.00;0.00;0.00;
100 uE;Ohadii;5;19.38;1.43;0.23;0.20;0.00;0.00;0.00;1788.56;11.51;0.00;0.00;0.00;1.63;3.35;0.12;0.00;47.28;23.32;2.94;0.15;0.00;0.00;0.00;46.38;9.29;11.77;0.00;0.00;0.00;0.00;0.00;45.40;13.81;4.28;0.00;485.69;17.03;0.00;0.06;0.20;1028.24;65.12;0.00;0.00;0.00;182.27;17.87;10.09;0.95;0.93;0.00;0.00;33.85;8.16;5.21;0.00;0.00;0.00;0.00;41.95;5.82;1.67;0.00;0.09;0.00;0.00;62.20;0.00;0.00;0.00;0.00;0.00;24.68;3.27;0.00;0.00;0.00;0.00;14.19;7.80;0.59;0.00;0.00;0.00;63.30;0.63;0.00;0.00;0.00;589.39;114.74;9.50;3.89;0.16;0.00;303.26;0.00;0.00;0.19;0.00;0.00;0.00;7.48;1.50;1.90;0.00;0.00;0.00;0.00;0.00;13192440.00;3371528.00;5551.12;7607.20;1586880.00;333562.00;0.00;0.00;
100 uE;Ohadii;5;15.86;1.19;0.27;0.01;0.00;0.00;0.00;1519.06;8.29;0.00;0.00;0.00;0.00;4.85;0.00;0.08;31.20;21.64;3.66;0.00;0.01;0.10;0.00;24.93;18.63;5.71;3.66;0.00;0.00;0.00;0.00;75.85;27.54;0.27;0.06;774.73;16.10;0.00;0.00;0.06;1430.32;38.59;0.00;0.00;0.00;262.13;29.43;0.00;0.40;0.60;0.00;0.00;72.00;13.68;13.53;0.00;0.00;0.00;0.00;67.26;8.65;2.07;0.00;0.00;0.00;0.00;68.70;0.69;0.01;0.00;0.17;0.00;46.09;2.47;1.37;0.28;0.00;0.00;59.98;6.84;0.00;0.00;0.00;0.00;143.05;0.51;0.00;0.02;0.00;545.85;120.48;14.36;0.15;0.39;0.34;275.37;3.44;0.00;0.00;0.00;0.00;0.00;26.02;21.75;11.66;1.39;0.69;0.06;0.21;0.00;30813480.00;8527040.00;0.00;0.00;6057080.00;1571360.00;0.00;0.00;
100 uE;Ohadii;5;13.01;1.07;0.84;0.00;0.00;0.00;0.00;1213.51;0.00;0.00;0.00;0.00;0.00;2.33;0.06;0.12;43.61;24.42;2.72;0.00;0.00;0.16;0.15;20.77;12.36;4.80;2.06;0.00;0.00;0.78;0.56;78.01;22.39;0.08;0.00;449.38;10.65;0.00;0.30;0.00;1013.42;34.86;0.00;0.00;0.00;221.15;30.89;10.46;0.00;0.14;0.00;0.00;63.19;15.64;12.26;0.00;0.00;0.00;0.00;49.11;9.25;1.33;0.08;0.00;0.00;0.00;26.45;0.00;0.00;0.04;0.00;0.00;15.42;3.01;0.12;0.00;0.00;0.00;27.58;6.89;0.00;0.73;0.00;0.00;106.78;0.92;0.32;0.00;0.00;418.43;99.95;12.35;0.34;0.13;0.00;262.03;3.03;0.00;0.00;0.00;0.00;0.00;27.63;22.65;8.44;1.59;0.84;0.20;0.05;0.00;23470280.00;5382680.00;0.00;0.00;4909280.00;1383932.00;0.00;0.00;
100 uE;Ohadii;10;9.56;1.69;0.32;0.05;0.00;0.00;0.00;833.58;4.26;0.00;0.00;0.00;0.00;5.16;0.23;0.14;20.60;16.79;9.99;1.11;0.49;0.05;0.36;10.70;9.77;11.45;9.10;1.95;0.00;0.00;0.00;33.81;27.79;4.09;1.29;289.65;9.60;0.00;0.00;0.00;667.78;18.20;0.00;0.00;0.00;162.55;34.82;39.81;0.27;1.59;0.00;0.00;44.73;16.97;32.46;2.20;1.07;0.00;0.00;46.58;12.76;7.74;0.95;0.20;0.00;0.00;29.89;1.50;0.00;0.10;0.09;0.00;12.41;4.29;3.28;0.00;1.34;0.09;10.05;7.06;3.91;0.00;0.00;0.00;94.02;0.00;0.45;0.00;0.00;239.35;145.12;57.31;16.72;2.33;0.00;226.24;5.70;0.00;0.00;0.09;0.00;0.00;14.10;29.35;27.63;13.52;1.47;0.43;0.07;0.00;18034960.00;7183720.00;632836.00;139219.20;2498876.00;1189228.00;20189.96;15348.68;
100 uE;Ohadii;10;7.95;1.87;0.52;0.27;0.45;0.00;0.00;875.41;4.65;0.00;0.00;0.00;0.00;2.06;0.14;0.03;18.25;16.07;5.98;0.94;0.20;0.00;0.00;15.42;13.58;6.31;2.29;0.38;0.00;0.00;0.00;41.62;31.14;4.32;0.00;242.61;8.90;0.00;0.00;0.00;746.65;26.59;0.00;0.00;0.00;158.33;37.29;32.31;0.52;2.10;0.05;0.00;37.28;16.49;14.94;1.44;0.65;0.00;0.00;52.17;11.78;4.62;1.52;0.26;0.00;0.00;25.89;1.84;0.00;0.09;0.00;0.00;19.32;3.22;1.02;0.07;2.79;0.00;19.85;12.93;3.06;0.00;0.00;0.00;85.98;0.00;0.17;0.00;0.00;250.10;146.17;42.27;8.02;2.01;0.77;170.90;5.56;0.00;0.00;0.14;0.00;0.00;14.47;25.58;18.83;8.71;0.53;0.51;0.07;0.49;12725920.00;5528480.00;428312.00;124065.60;1871516.00;859936.00;42803.60;44826.80;
100 uE;Ohadii;10;8.96;1.70;1.50;0.00;0.00;0.00;0.00;867.67;4.25;0.00;0.00;0.00;0.00;3.04;0.09;0.15;18.67;18.07;7.14;0.85;0.23;0.00;0.17;22.67;13.94;8.02;2.30;2.33;0.00;0.00;0.00;42.25;24.44;4.29;0.21;268.11;10.77;0.28;0.00;0.46;665.84;24.94;0.00;0.00;0.00;151.76;41.28;50.65;0.76;0.26;0.04;0.00;42.16;16.14;22.91;0.00;0.35;0.09;0.00;40.61;9.95;5.80;0.26;0.26;0.01;0.00;22.08;0.70;0.37;0.00;0.00;0.00;17.91;4.12;1.39;0.03;0.95;0.00;17.10;10.85;5.10;0.11;0.65;0.00;79.53;0.00;0.00;0.00;0.00;321.87;182.43;35.71;11.35;1.04;0.03;213.74;3.76;0.00;0.34;0.42;0.00;0.00;16.53;25.48;19.90;9.50;1.12;0.24;0.10;0.00;19172480.00;7110400.00;423552.00;126692.00;2710372.00;1188940.00;36123.68;26920.20;
100 uE;Ohadii;20;6.65;0.93;0.69;1.04;0.52;0.00;0.00;841.56;11.57;0.00;0.00;0.00;0.00;2.34;0.52;0.53;14.72;22.85;18.46;8.11;3.29;0.00;0.14;13.64;16.69;19.35;12.58;5.47;6.22;0.10;0.00;28.01;30.68;11.97;3.74;296.26;11.12;1.09;0.39;0.09;703.15;38.50;0.00;0.00;0.00;166.41;33.79;31.84;8.76;3.54;0.71;0.00;43.40;26.49;48.11;10.81;6.97;1.80;0.05;46.58;20.82;23.80;11.66;6.05;0.15;0.21;41.08;1.02;0.60;0.06;0.00;0.00;14.80;3.46;2.66;0.97;1.71;0.00;8.79;7.38;4.58;0.35;1.21;0.49;150.06;0.00;0.00;0.01;0.00;164.87;146.57;100.88;61.40;10.48;2.96;192.82;17.72;5.05;1.85;0.62;0.00;0.00;13.12;33.46;48.72;42.62;18.77;7.32;1.24;0.53;11245800.00;7064480.00;2024700.00;851272.00;1512984.00;1639884.00;325332.80;141550.40;
100 uE;Ohadii;20;7.68;0.68;1.69;0.69;0.00;0.00;0.00;1352.62;7.92;0.00;2.72;0.00;0.59;3.11;0.26;0.26;21.18;25.44;23.37;10.15;1.20;0.35;0.16;15.67;19.99;26.17;24.93;16.72;4.27;5.46;0.44;31.07;30.17;8.21;2.30;328.28;9.56;1.31;0.92;0.26;715.96;45.55;0.00;0.00;0.00;162.99;31.01;37.75;7.74;3.99;1.37;0.00;29.21;13.52;31.00;7.67;4.90;0.06;0.05;44.49;0.00;23.45;11.60;4.69;0.65;0.40;54.04;3.28;0.00;0.00;0.00;0.00;4.55;1.99;3.70;1.50;1.51;0.25;5.19;4.79;3.13;2.93;0.61;0.00;54.03;0.00;0.00;0.00;0.00;101.83;140.39;85.25;64.47;13.68;2.77;237.09;19.17;5.84;1.74;0.48;0.22;0.00;2.53;3.23;4.22;4.02;2.70;0.69;0.88;0.07;5986800.00;3274788.00;879792.00;421720.00;450660.00;545832.00;173641.20;26377.20;
100 uE;Ohadii;20;7.81;1.68;1.15;0.49;0.40;0.00;0.00;900.72;9.68;0.00;0.00;0.00;0.00;2.41;0.57;0.00;13.55;19.65;18.73;8.69;2.20;0.50;0.00;10.51;5.98;12.80;16.32;8.71;0.66;0.00;0.00;36.52;46.13;11.91;4.33;343.58;13.60;1.43;0.16;0.23;705.08;46.27;0.00;3.49;0.44;193.02;36.32;44.43;6.66;3.78;0.12;0.31;40.68;27.40;45.38;12.44;9.37;1.30;0.36;35.27;13.30;14.87;6.62;1.97;0.35;0.02;30.44;0.98;0.13;0.00;0.00;0.00;12.26;6.99;2.37;1.57;3.27;0.00;10.71;9.36;6.20;2.98;0.13;0.00;60.97;0.68;0.00;0.00;0.00;191.38;258.24;142.24;67.77;8.05;4.74;246.00;16.99;3.69;0.32;0.00;0.00;0.00;11.91;34.22;54.46;44.80;17.64;10.06;1.85;0.37;13240400.00;8691280.00;1979556.00;887900.00;2462600.00;2366200.00;602920.00;181834.40;
100 uE;Ohadii;40;14.90;2.29;3.96;3.62;3.14;0.95;0.56;1131.26;7.73;0.80;0.00;0.00;0.00;3.85;1.33;1.97;24.52;23.32;35.75;32.39;24.81;8.56;4.49;13.10;7.87;17.07;33.36;24.57;25.85;6.21;2.78;38.36;45.15;29.17;21.48;466.30;36.10;17.45;8.50;5.82;907.25;85.34;15.36;4.92;2.21;222.18;43.44;83.14;32.73;34.53;11.40;6.32;44.13;27.53;68.83;51.56;46.10;18.22;7.30;36.52;19.43;29.76;28.36;24.86;10.49;3.70;65.12;2.35;0.00;0.00;0.00;0.00;9.44;3.61;3.87;0.34;6.69;0.77;4.29;5.41;10.97;7.67;4.07;0.40;110.50;0.00;0.03;0.00;0.00;129.31;172.19;191.24;182.16;79.14;38.62;300.57;30.98;31.87;13.14;11.57;4.17;1.76;8.08;28.68;65.94;96.40;85.71;64.40;30.06;11.18;12389880.00;10367720.00;5919960.00;4104160.00;2133684.00;3294332.00;1733128.00;1314064.00;
100 uE;Ohadii;40;13.95;1.35;3.72;4.12;3.04;1.24;0.21;1199.20;2.66;3.85;0.00;0.00;0.00;1.18;0.27;0.32;16.89;21.32;29.52;24.68;16.58;10.58;1.99;16.01;9.50;20.93;21.93;32.92;12.53;13.46;1.12;31.24;43.02;27.12;15.35;475.33;34.73;19.00;8.34;5.99;935.60;70.86;15.60;8.59;5.04;171.52;37.31;64.26;41.95;37.57;15.92;8.07;41.18;22.64;51.45;41.25;31.87;11.16;6.97;53.32;17.73;27.30;26.41;23.27;8.47;2.85;52.65;1.56;0.10;0.00;0.00;0.00;17.91;3.95;4.09;1.51;3.24;0.31;5.37;8.46;7.05;5.92;3.35;2.43;88.69;1.33;0.00;0.00;0.00;89.10;111.83;124.05;113.84;48.19;32.24;221.24;28.03;26.32;11.72;12.81;4.45;3.00;7.12;20.43;50.19;69.87;73.82;60.74;28.80;11.25;11548960.00;7371280.00;5387280.00;3779652.00;1184644.00;2034564.00;1181616.00;852160.00;
100 uE;Ohadii;40;14.42;1.82;3.84;3.87;3.09;1.10;0.39;1165.23;5.19;2.33;0.00;0.00;0.00;0.83;0.12;0.65;20.70;22.32;32.64;28.53;20.69;9.57;3.24;14.55;8.68;19.00;27.65;28.75;19.19;9.84;1.95;34.80;44.08;28.15;18.42;470.82;35.41;18.23;8.42;5.90;921.42;78.10;15.48;6.75;3.62;196.85;40.38;73.70;37.34;36.05;13.66;7.19;42.66;25.08;60.14;46.41;38.99;14.69;7.13;29.56;9.66;15.79;19.71;19.32;10.75;5.35;83.60;1.99;0.00;0.00;0.00;0.00;13.67;3.78;3.98;0.92;4.97;0.54;4.83;6.93;9.01;6.80;3.71;1.42;99.60;0.66;0.01;0.00;0.00;109.21;142.01;157.64;148.00;63.67;35.43;176.34;23.33;23.76;17.05;16.93;7.04;3.31;1.91;0.55;0.76;4.35;2.86;2.89;1.38;0.45;11969420.00;8869500.00;5653620.00;3941906.00;1659164.00;2664448.00;1457372.00;1083112.00;
3000 uE;Ohadii;0;55.09;0.00;0.00;0.00;0.00;0.00;0.00;2854.22;8.21;0.00;0.00;0.00;0.00;12.76;0.00;0.00;332.49;1.19;0.00;0.00;0.27;0.17;0.00;262.98;8.43;0.00;0.00;0.00;0.00;0.00;0.00;186.20;0.68;0.00;0.00;3725.67;2.95;0.00;0.00;0.00;2436.12;24.52;0.00;0.00;0.00;745.55;0.00;0.00;0.00;0.00;0.00;0.00;441.98;0.00;0.00;0.00;0.00;0.00;0.00;283.32;0.00;0.00;0.00;0.00;0.00;0.00;67.99;0.00;0.09;0.00;0.00;0.00;96.85;0.00;0.20;0.05;0.00;0.00;183.86;0.00;0.00;0.00;0.00;0.00;46.28;1.24;0.02;0.00;0.00;5142.03;73.89;0.00;0.00;0.00;0.00;371.56;0.00;0.00;0.00;0.00;0.00;0.00;477.23;0.10;0.00;0.00;0.00;0.00;0.00;0.00;127572800.00;103842.40;0.00;0.00;7556600.00;0.00;0.00;0.00;
3000 uE;Ohadii;0;24.77;0.00;0.08;0.00;0.00;0.00;0.00;2134.35;7.28;0.00;0.00;0.00;0.00;12.03;0.00;0.00;286.51;0.00;0.00;0.28;0.03;0.18;0.20;221.17;0.00;0.00;0.00;0.00;0.00;0.00;0.00;150.84;0.11;0.00;0.00;3437.23;9.33;0.00;0.00;0.00;1454.90;20.28;0.00;0.00;0.00;493.75;0.00;0.00;0.00;0.00;0.00;0.00;283.53;0.17;0.00;0.00;0.00;0.00;0.00;178.52;0.00;0.00;0.00;0.00;0.00;0.00;62.35;1.40;0.00;0.00;0.00;0.00;76.15;0.22;0.00;0.00;0.00;0.00;124.11;0.09;0.00;0.00;0.00;0.00;45.50;0.48;0.00;0.00;0.00;4600.51;37.02;0.00;0.00;0.45;0.12;217.82;0.00;0.00;0.00;0.00;0.00;0.00;273.18;1.68;0.00;0.00;0.00;0.00;0.00;0.23;109889200.00;365796.00;0.00;0.00;4088880.00;0.00;0.00;0.00;
3000 uE;Ohadii;0;35.86;0.00;0.00;0.00;0.00;0.00;0.00;3003.91;10.33;3.06;0.00;0.00;0.87;14.16;0.12;0.00;374.79;2.55;0.00;0.00;0.00;0.00;0.00;238.42;0.00;0.00;0.00;0.00;0.00;0.00;0.00;156.72;0.24;0.00;0.00;3102.75;4.55;0.00;0.21;0.00;1680.21;32.45;0.00;0.00;0.00;340.86;2.72;2.37;0.00;0.00;0.00;0.00;188.68;0.00;0.40;0.50;0.00;0.00;0.00;207.71;0.00;0.00;0.00;0.00;0.00;0.00;194.16;1.22;0.00;0.00;0.00;0.00;62.50;0.00;0.00;0.00;0.00;0.00;95.40;0.00;2.14;0.00;0.00;0.00;49.36;0.00;0.00;0.00;0.00;3548.02;0.00;0.00;0.00;0.00;0.00;211.65;0.00;0.00;0.00;0.00;0.00;0.00;38.47;0.00;0.00;0.00;0.00;0.00;0.00;0.00;57241200.00;230209.20;0.00;0.00;1121588.00;0.00;0.00;0.00;
3000 uE;Ohadii;5;31.35;4.37;1.35;0.12;0.00;0.00;0.00;2371.55;21.44;0.00;0.00;0.00;0.00;9.03;0.33;0.00;177.44;99.27;13.03;1.97;0.00;0.00;0.22;91.82;74.10;35.10;0.00;0.00;1.00;0.00;0.00;158.39;53.06;0.23;0.46;2695.25;14.01;0.00;0.00;0.07;1850.58;41.09;0.00;0.00;0.00;420.80;57.00;40.77;0.00;0.00;0.00;0.00;162.57;100.67;39.95;1.79;0.93;0.00;0.00;102.64;48.88;12.74;0.65;0.00;0.00;0.00;41.28;0.17;0.00;0.00;0.00;0.00;61.44;21.78;2.76;0.00;0.00;0.00;110.89;41.84;10.86;0.03;0.00;0.00;39.06;0.63;0.00;0.00;0.00;3981.76;1333.23;173.15;24.63;0.41;0.60;311.39;0.49;0.00;0.00;0.00;0.00;0.00;114.37;115.38;59.03;13.27;0.39;0.00;0.20;0.00;104510000.00;13810000.00;0.00;12436.32;3717444.00;944004.00;0.00;0.00;
3000 uE;Ohadii;5;29.78;4.33;0.29;0.00;0.00;0.00;0.00;2405.86;0.42;0.00;0.00;0.26;1.57;13.91;0.00;0.00;201.01;79.64;7.96;0.13;0.16;0.00;0.00;49.55;48.34;13.73;0.00;0.00;0.00;0.99;0.00;81.79;26.64;1.96;0.00;2262.26;20.48;0.00;0.00;0.00;1085.55;43.64;0.00;0.00;0.00;328.19;39.66;16.08;0.00;0.41;0.13;0.00;76.48;36.63;17.17;0.00;0.00;0.00;0.00;104.30;36.92;7.62;0.00;0.17;0.00;0.00;161.27;0.92;0.00;0.00;0.00;0.00;29.24;6.98;3.53;0.00;0.00;0.00;63.73;11.44;3.15;0.53;0.49;0.00;28.62;0.00;0.00;0.00;0.00;2614.53;424.49;30.36;5.66;0.34;0.52;195.63;0.03;0.00;0.00;0.00;0.00;0.00;7.99;7.80;2.21;0.00;0.00;0.00;0.16;0.00;31176840.00;4946040.00;0.00;0.00;719708.00;238860.00;0.00;0.00;
3000 uE;Ohadii;5;31.40;5.00;0.75;0.00;0.00;0.12;0.00;2212.73;2.13;0.00;0.00;0.00;0.00;10.37;0.37;0.00;286.48;104.75;21.18;0.00;0.14;0.18;0.00;83.97;58.85;16.81;5.07;0.58;0.00;0.00;0.00;128.32;46.64;1.12;0.00;3642.19;15.44;0.00;0.00;0.13;1532.72;27.64;0.00;0.00;0.00;473.54;92.97;31.42;0.03;0.49;0.00;0.00;176.20;80.77;0.00;2.96;1.02;0.00;0.00;115.28;43.26;11.52;0.00;0.00;0.00;0.00;128.96;4.38;0.00;0.13;0.00;0.00;71.68;13.06;2.00;0.00;1.09;0.00;128.47;33.73;8.57;1.12;0.33;0.26;44.56;0.00;0.00;0.00;0.00;4040.76;697.88;82.47;5.02;0.00;0.00;230.91;4.22;0.00;0.18;0.10;0.00;0.00;100.50;102.94;38.98;6.99;0.21;0.00;0.19;0.35;77932800.00;12414640.00;0.00;0.00;4390760.00;1852276.00;0.00;0.00;
3000 uE;Ohadii;10;34.38;8.98;3.41;0.00;0.00;0.00;0.00;2690.17;0.00;0.00;0.00;0.00;0.00;12.12;0.20;0.25;150.82;130.78;52.32;1.45;0.64;0.27;0.04;44.11;47.50;38.04;13.51;1.11;0.00;0.00;0.00;97.70;91.92;2.69;1.57;3446.38;23.38;0.00;0.00;0.26;1989.01;43.63;0.00;0.00;0.00;419.75;91.97;50.75;3.72;0.08;0.82;0.00;139.58;127.33;8.71;12.38;5.13;0.24;0.00;81.29;53.31;27.45;4.04;0.77;0.00;0.00;103.58;2.32;0.25;0.09;0.00;0.00;42.11;15.93;6.24;0.00;2.58;0.00;75.90;47.24;14.11;1.70;1.26;0.17;58.62;0.23;0.00;0.00;0.00;3588.66;1906.66;386.58;111.87;0.00;0.00;232.62;6.23;0.00;0.12;0.17;0.00;0.00;74.27;140.05;118.54;39.40;3.56;0.27;0.36;0.12;89052400.00;18043760.00;460144.00;209799.20;5235760.00;3812684.00;175670.80;0.00;
3000 uE;Ohadii;10;34.89;8.22;6.26;0.00;0.00;0.00;0.00;2491.10;16.03;0.00;0.17;0.00;0.57;10.97;0.31;0.00;184.10;133.22;34.47;2.25;1.21;0.05;0.12;54.79;53.93;27.10;4.57;3.68;0.00;0.00;0.00;68.49;34.67;3.85;0.00;2484.84;29.93;3.14;0.00;0.00;1143.97;37.32;0.00;0.00;0.00;344.26;135.77;65.04;0.92;0.73;0.00;0.00;72.97;51.91;31.10;2.00;0.80;0.00;0.00;100.56;57.16;26.17;2.93;0.27;0.00;0.09;153.42;5.55;0.00;0.00;0.00;0.00;27.98;12.81;2.49;0.16;0.82;0.00;34.03;17.49;4.94;0.42;0.22;0.00;37.72;0.00;0.00;0.00;0.00;1968.22;851.32;180.60;39.13;0.97;0.92;178.41;11.49;0.51;0.00;0.00;0.00;0.00;8.84;8.70;4.37;0.74;0.59;0.00;0.00;0.00;25729520.00;8313080.00;406116.00;126024.00;1300500.00;683764.00;18898.76;7229.44;
3000 uE;Ohadii;10;41.36;11.40;5.60;0.08;0.00;0.00;0.00;2742.15;5.54;0.00;0.00;0.00;0.00;18.64;1.35;0.11;257.14;189.20;65.35;4.50;0.92;0.48;0.00;66.75;62.20;27.96;17.72;3.71;0.01;0.21;0.00;126.55;84.22;6.49;0.08;4562.24;44.07;3.66;0.00;0.00;2001.99;52.97;0.00;0.00;0.00;555.19;203.79;94.48;9.12;1.65;0.00;0.12;186.82;170.45;92.62;9.81;1.03;0.34;0.00;160.75;105.20;55.19;4.29;1.36;0.09;0.07;168.18;1.40;0.00;0.07;0.00;0.00;65.51;24.63;9.34;1.47;2.80;0.00;114.20;53.94;17.70;3.54;0.25;0.00;61.86;0.71;0.23;0.02;0.00;3879.80;1856.78;456.32;109.93;2.20;0.00;277.48;12.40;2.63;0.00;0.39;0.00;0.00;89.43;167.06;134.08;55.35;3.70;0.81;0.50;0.23;87856000.00;22342760.00;1149092.00;276364.80;6949200.00;5012960.00;233502.80;22071.32;
3000 uE;Ohadii;20;29.01;10.83;11.58;1.76;0.40;0.00;0.00;2992.66;15.56;0.00;0.00;0.00;0.29;12.83;0.65;0.51;97.68;162.02;112.86;35.53;14.14;2.72;0.48;25.32;45.98;54.12;49.92;26.84;11.02;0.86;0.00;40.89;50.00;13.37;2.36;2644.23;32.38;7.74;1.08;0.37;1643.38;70.46;0.00;0.00;0.00;211.34;85.83;84.81;18.67;8.83;0.55;0.00;44.52;51.07;69.50;22.31;12.19;2.13;0.37;58.06;53.41;52.27;23.05;12.56;0.66;0.55;133.96;0.73;0.00;0.00;0.36;0.00;21.83;17.75;12.40;2.73;1.90;0.00;22.15;38.25;19.72;14.84;3.30;0.00;57.05;0.00;0.00;0.00;0.00;1230.53;1791.50;784.84;456.03;60.94;11.22;203.86;13.96;8.41;1.92;0.07;0.00;0.41;4.09;7.42;8.73;8.06;4.33;1.78;0.14;0.00;37734000.00;9847640.00;2329368.00;1066196.00;808172.00;822688.00;167493.20;46783.60;
3000 uE;Ohadii;20;37.82;11.34;11.46;2.16;0.00;0.06;0.00;3448.51;9.19;0.00;1.35;0.15;1.04;11.31;1.26;0.44;163.55;200.97;117.12;26.03;9.18;1.28;0.00;35.81;66.22;74.48;46.80;15.40;5.19;0.00;1.03;64.43;70.50;13.80;2.04;3090.77;44.97;0.00;0.25;0.14;1592.35;73.30;0.00;0.00;0.00;374.47;196.18;134.22;34.21;10.64;3.33;0.52;83.94;87.65;78.33;26.17;8.73;1.58;0.36;69.04;71.33;56.28;15.50;7.04;1.44;0.00;197.64;0.39;0.83;0.00;0.00;0.00;29.94;31.96;16.83;5.77;3.75;0.00;32.43;50.53;26.66;11.51;2.34;0.44;28.09;0.75;0.00;0.00;0.00;1728.82;1770.12;676.86;314.48;30.34;12.12;252.99;39.04;13.84;1.67;0.84;0.00;0.00;5.78;10.68;12.02;7.55;2.49;0.84;0.00;0.17;31945440.00;11023040.00;2198620.00;874916.00;1150644.00;1388352.00;161906.80;53829.20;
3000 uE;Ohadii;20;24.12;9.93;6.09;1.08;0.42;0.14;0.02;2179.73;9.90;0.00;0.00;0.00;0.00;16.28;0.93;0.52;118.91;135.06;73.75;23.70;6.42;0.00;0.33;50.82;46.64;53.43;28.25;10.13;1.81;2.09;0.00;62.84;57.37;8.94;2.94;3578.49;39.51;4.18;0.55;0.52;1349.22;29.07;0.00;4.78;0.00;380.76;205.90;168.34;35.98;14.98;1.37;0.59;109.63;114.73;101.29;27.86;10.57;1.16;0.29;74.63;64.43;50.96;14.34;5.36;0.64;0.10;71.20;0.00;0.00;0.01;0.00;0.00;35.77;22.43;10.55;2.18;4.78;0.06;43.65;42.33;30.89;7.41;0.83;0.43;61.23;0.14;0.00;0.03;0.00;1427.05;1510.30;649.54;264.62;33.27;7.68;193.59;37.35;9.61;1.92;0.51;0.00;0.13;51.52;120.85;146.31;81.45;27.41;7.59;1.32;0.08;49145600.00;21162800.00;2872972.00;1332528.00;2356292.00;2425136.00;406056.00;70299.20;
3000 uE;Ohadii;40;18.15;6.75;13.87;9.92;9.13;0.83;0.57;2700.07;9.55;0.00;0.00;0.00;1.20;8.99;2.48;3.03;46.45;111.06;117.59;82.64;54.37;12.73;4.55;35.85;14.20;46.41;49.16;34.92;26.34;0.00;0.00;35.47;62.96;27.67;19.29;2611.61;56.37;31.34;11.56;7.90;1364.51;62.06;1.11;4.05;1.82;134.65;67.98;101.66;66.13;59.27;19.11;5.29;31.12;26.80;64.52;48.57;37.68;15.48;5.59;49.21;40.78;63.41;50.72;0.00;16.56;6.07;205.84;2.85;0.00;0.00;0.00;0.00;9.78;12.56;12.54;12.65;7.31;1.79;7.05;25.25;30.46;24.37;10.05;1.31;50.57;0.00;0.00;0.00;0.00;509.92;1108.76;997.05;932.76;281.30;168.20;130.64;32.28;37.68;19.13;9.94;2.00;0.75;5.78;2.29;7.49;7.93;5.63;4.25;0.00;0.00;35045800.00;10303800.00;5001800.00;4260400.00;436128.00;795616.00;333494.40;321214.40;
3000 uE;Ohadii;40;20.37;9.67;17.74;8.05;10.90;2.96;0.39;2740.52;9.94;0.00;1.82;0.69;0.46;11.10;1.96;2.67;53.55;106.08;124.86;75.33;51.60;20.78;7.28;20.64;17.98;38.29;34.60;38.80;27.04;5.07;6.13;34.91;60.43;25.18;20.46;3016.58;49.51;23.28;8.51;5.11;1178.96;60.00;4.48;3.63;0.36;217.47;123.62;165.88;100.61;87.07;31.78;10.54;35.62;37.62;70.68;50.40;41.26;13.73;6.95;63.46;52.19;87.97;54.98;40.79;0.00;9.15;247.41;0.26;0.00;0.00;0.00;0.00;17.45;13.75;12.28;12.15;4.80;2.73;10.52;26.61;24.31;24.25;7.32;1.18;29.93;0.59;0.00;0.00;0.00;642.89;1039.88;891.88;839.54;279.43;164.46;133.75;49.01;49.62;20.48;15.60;3.58;1.38;3.33;2.90;6.18;5.58;6.26;4.36;0.82;0.99;22087400.00;10568080.00;4864560.00;4078080.00;457368.00;873020.00;388014.80;242477.60;
3000 uE;Ohadii;40;15.88;10.06;14.88;9.50;7.57;3.49;1.20;3030.49;5.04;0.00;0.00;0.39;1.22;7.79;2.01;2.02;42.43;72.06;82.67;61.38;45.83;13.48;8.04;40.35;25.60;24.37;57.27;41.18;33.17;6.78;6.18;33.86;56.51;30.53;22.11;3213.13;36.46;23.68;4.82;5.23;1191.59;75.50;4.34;0.00;0.00;214.16;122.50;178.13;110.91;96.63;36.36;14.12;37.10;31.49;62.76;37.18;41.29;15.29;5.25;58.43;46.41;67.72;45.00;45.51;12.75;7.36;174.66;3.81;0.20;0.00;0.00;0.00;14.80;10.85;12.45;14.34;4.02;3.94;9.01;17.45;24.01;18.03;12.64;3.00;32.92;0.00;0.00;0.00;0.00;538.32;663.78;605.24;602.08;237.32;138.72;143.30;52.42;46.50;20.45;16.71;3.11;0.63;6.51;4.13;3.93;9.24;6.64;5.35;1.09;1.00;14570080.00;11828200.00;5863760.00;4779520.00;346364.80;786756.00;320572.40;337020.40;
;;;;;;;;;;;;;;;;;;;;;;;;;;;;;;;;;;;;;;;;;;;;;;;;;;;;;;;;;;;;;;;;;;;;;;;;;;;;;;;;;;;;;;;;;;;;;;;;;;;;;;;;;;;;;;;;;;;;;;;;;
;;;;;;;;;;;;;;;;;;;;;;;;;;;;;;;;;;;;;;;;;;;;;;;;;;;;;;;;;;;;;;;;;;;;;;;;;;;;;;;;;;;;;;;;;;;;;;;;;;;;;;;;;;;;;;;;;;;;;;;;;
;;;;;;;;;;;;;;;;;;;;;;;;;;;;;;;;;;;;;;;;;;;;;;;;;;;;;;;;;;;;;;;;;;;;;;;;;;;;;;;;;;;;;;;;;;;;;;;;;;;;;;;;;;;;;;;;;;;;;;;;;
;;;;;;;;;;;;;;;;;;;;;;;;;;;;;;;;;;;;;;;;;;;;;;;;;;;;;;;;;;;;;;;;;;;;;;;;;;;;;;;;;;;;;;;;;;;;;;;;;;;;;;;;;;;;;;;;;;;;;;;;;
;;;;;;;;;;;;;;;;;;;;;;;;;;;;;;;;;;;;;;;;;;;;;;;;;;;;;;;;;;;;;;;;;;;;;;;;;;;;;;;;;;;;;;;;;;;;;;;;;;;;;;;;;;;;;;;;;;;;;;;;;
;;;;;;;;;;;;;;;;;;;;;;;;;;;;;;;;;;;;;;;;;;;;;;;;;;;;;;;;;;;;;;;;;;;;;;;;;;;;;;;;;;;;;;;;;;;;;;;;;;;;;;;;;;;;;;;;;;;;;;;;;
;;;;;;;;;;;;;;;;;;;;;;;;;;;;;;;;;;;;;;;;;;;;;;;;;;;;;;;;;;;;;;;;;;;;;;;;;;;;;;;;;;;;;;;;;;;;;;;;;;;;;;;;;;;;;;;;;;;;;;;;;
;;;;;;;;;;;;;;;;;;;;;;;;;;;;;;;;;;;;;;;;;;;;;;;;;;;;;;;;;;;;;;;;;;;;;;;;;;;;;;;;;;;;;;;;;;;;;;;;;;;;;;;;;;;;;;;;;;;;;;;;;
;;;;;;;;;;;;;;;;;;;;;;;;;;;;;;;;;;;;;;;;;;;;;;;;;;;;;;;;;;;;;;;;;;;;;;;;;;;;;;;;;;;;;;;;;;;;;;;;;;;;;;;;;;;;;;;;;;;;;;;;;
;;;;;;;;;;;;;;;;;;;;;;;;;;;;;;;;;;;;;;;;;;;;;;;;;;;;;;;;;;;;;;;;;;;;;;;;;;;;;;;;;;;;;;;;;;;;;;;;;;;;;;;;;;;;;;;;;;;;;;;;;
;;;;;;;;;;;;;;;;;;;;;;;;;;;;;;;;;;;;;;;;;;;;;;;;;;;;;;;;;;;;;;;;;;;;;;;;;;;;;;;;;;;;;;;;;;;;;;;;;;;;;;;;;;;;;;;;;;;;;;;;;
;;;;;;;;;;;;;;;;;;;;;;;;;;;;;;;;;;;;;;;;;;;;;;;;;;;;;;;;;;;;;;;;;;;;;;;;;;;;;;;;;;;;;;;;;;;;;;;;;;;;;;;;;;;;;;;;;;;;;;;;;
;;;;;;;;;;;;;;;;;;;;;;;;;;;;;;;;;;;;;;;;;;;;;;;;;;;;;;;;;;;;;;;;;;;;;;;;;;;;;;;;;;;;;;;;;;;;;;;;;;;;;;;;;;;;;;;;;;;;;;;;;
;;;;;;;;;;;;;;;;;;;;;;;;;;;;;;;;;;;;;;;;;;;;;;;;;;;;;;;;;;;;;;;;;;;;;;;;;;;;;;;;;;;;;;;;;;;;;;;;;;;;;;;;;;;;;;;;;;;;;;;;;
;;;;;;;;;;;;;;;;;;;;;;;;;;;;;;;;;;;;;;;;;;;;;;;;;;;;;;;;;;;;;;;;;;;;;;;;;;;;;;;;;;;;;;;;;;;;;;;;;;;;;;;;;;;;;;;;;;;;;;;;;
;;;;;;;;;;;;;;;;;;;;;;;;;;;;;;;;;;;;;;;;;;;;;;;;;;;;;;;;;;;;;;;;;;;;;;;;;;;;;;;;;;;;;;;;;;;;;;;;;;;;;;;;;;;;;;;;;;;;;;;;;
;;;;;;;;;;;;;;;;;;;;;;;;;;;;;;;;;;;;;;;;;;;;;;;;;;;;;;;;;;;;;;;;;;;;;;;;;;;;;;;;;;;;;;;;;;;;;;;;;;;;;;;;;;;;;;;;;;;;;;;;;
;;;;;;;;;;;;;;;;;;;;;;;;;;;;;;;;;;;;;;;;;;;;;;;;;;;;;;;;;;;;;;;;;;;;;;;;;;;;;;;;;;;;;;;;;;;;;;;;;;;;;;;;;;;;;;;;;;;;;;;;;
;;;;;;;;;;;;;;;;;;;;;;;;;;;;;;;;;;;;;;;;;;;;;;;;;;;;;;;;;;;;;;;;;;;;;;;;;;;;;;;;;;;;;;;;;;;;;;;;;;;;;;;;;;;;;;;;;;;;;;;;;
;;;;;;;;;;;;;;;;;;;;;;;;;;;;;;;;;;;;;;;;;;;;;;;;;;;;;;;;;;;;;;;;;;;;;;;;;;;;;;;;;;;;;;;;;;;;;;;;;;;;;;;;;;;;;;;;;;;;;;;;;
;;;;;;;;;;;;;;;;;;;;;;;;;;;;;;;;;;;;;;;;;;;;;;;;;;;;;;;;;;;;;;;;;;;;;;;;;;;;;;;;;;;;;;;;;;;;;;;;;;;;;;;;;;;;;;;;;;;;;;;;;
;;;;;;;;;;;;;;;;;;;;;;;;;;;;;;;;;;;;;;;;;;;;;;;;;;;;;;;;;;;;;;;;;;;;;;;;;;;;;;;;;;;;;;;;;;;;;;;;;;;;;;;;;;;;;;;;;;;;;;;;;
;;;;;;;;;;;;;;;;;;;;;;;;;;;;;;;;;;;;;;;;;;;;;;;;;;;;;;;;;;;;;;;;;;;;;;;;;;;;;;;;;;;;;;;;;;;;;;;;;;;;;;;;;;;;;;;;;;;;;;;;;
;;;;;;;;;;;;;;;;;;;;;;;;;;;;;;;;;;;;;;;;;;;;;;;;;;;;;;;;;;;;;;;;;;;;;;;;;;;;;;;;;;;;;;;;;;;;;;;;;;;;;;;;;;;;;;;;;;;;;;;;;
;;;;;;;;;;;;;;;;;;;;;;;;;;;;;;;;;;;;;;;;;;;;;;;;;;;;;;;;;;;;;;;;;;;;;;;;;;;;;;;;;;;;;;;;;;;;;;;;;;;;;;;;;;;;;;;;;;;;;;;;;
;;;;;;;;;;;;;;;;;;;;;;;;;;;;;;;;;;;;;;;;;;;;;;;;;;;;;;;;;;;;;;;;;;;;;;;;;;;;;;;;;;;;;;;;;;;;;;;;;;;;;;;;;;;;;;;;;;;;;;;;;
;;;;;;;;;;;;;;;;;;;;;;;;;;;;;;;;;;;;;;;;;;;;;;;;;;;;;;;;;;;;;;;;;;;;;;;;;;;;;;;;;;;;;;;;;;;;;;;;;;;;;;;;;;;;;;;;;;;;;;;;;
;;;;;;;;;;;;;;;;;;;;;;;;;;;;;;;;;;;;;;;;;;;;;;;;;;;;;;;;;;;;;;;;;;;;;;;;;;;;;;;;;;;;;;;;;;;;;;;;;;;;;;;;;;;;;;;;;;;;;;;;;
;;;;;;;;;;;;;;;;;;;;;;;;;;;;;;;;;;;;;;;;;;;;;;;;;;;;;;;;;;;;;;;;;;;;;;;;;;;;;;;;;;;;;;;;;;;;;;;;;;;;;;;;;;;;;;;;;;;;;;;;;
;;;;;;;;;;;;;;;;;;;;;;;;;;;;;;;;;;;;;;;;;;;;;;;;;;;;;;;;;;;;;;;;;;;;;;;;;;;;;;;;;;;;;;;;;;;;;;;;;;;;;;;;;;;;;;;;;;;;;;;;;
;;;;;;;;;;;;;;;;;;;;;;;;;;;;;;;;;;;;;;;;;;;;;;;;;;;;;;;;;;;;;;;;;;;;;;;;;;;;;;;;;;;;;;;;;;;;;;;;;;;;;;;;;;;;;;;;;;;;;;;;;
;;;;;;;;;;;;;;;;;;;;;;;;;;;;;;;;;;;;;;;;;;;;;;;;;;;;;;;;;;;;;;;;;;;;;;;;;;;;;;;;;;;;;;;;;;;;;;;;;;;;;;;;;;;;;;;;;;;;;;;;;
;;;;;;;;;;;;;;;;;;;;;;;;;;;;;;;;;;;;;;;;;;;;;;;;;;;;;;;;;;;;;;;;;;;;;;;;;;;;;;;;;;;;;;;;;;;;;;;;;;;;;;;;;;;;;;;;;;;;;;;;;
;;;;;;;;;;;;;;;;;;;;;;;;;;;;;;;;;;;;;;;;;;;;;;;;;;;;;;;;;;;;;;;;;;;;;;;;;;;;;;;;;;;;;;;;;;;;;;;;;;;;;;;;;;;;;;;;;;;;;;;;;
;;;;;;;;;;;;;;;;;;;;;;;;;;;;;;;;;;;;;;;;;;;;;;;;;;;;;;;;;;;;;;;;;;;;;;;;;;;;;;;;;;;;;;;;;;;;;;;;;;;;;;;;;;;;;;;;;;;;;;;;;
;;;;;;;;;;;;;;;;;;;;;;;;;;;;;;;;;;;;;;;;;;;;;;;;;;;;;;;;;;;;;;;;;;;;;;;;;;;;;;;;;;;;;;;;;;;;;;;;;;;;;;;;;;;;;;;;;;;;;;;;;
;;;;;;;;;;;;;;;;;;;;;;;;;;;;;;;;;;;;;;;;;;;;;;;;;;;;;;;;;;;;;;;;;;;;;;;;;;;;;;;;;;;;;;;;;;;;;;;;;;;;;;;;;;;;;;;;;;;;;;;;;
;;;;;;;;;;;;;;;;;;;;;;;;;;;;;;;;;;;;;;;;;;;;;;;;;;;;;;;;;;;;;;;;;;;;;;;;;;;;;;;;;;;;;;;;;;;;;;;;;;;;;;;;;;;;;;;;;;;;;;;;;
;;;;;;;;;;;;;;;;;;;;;;;;;;;;;;;;;;;;;;;;;;;;;;;;;;;;;;;;;;;;;;;;;;;;;;;;;;;;;;;;;;;;;;;;;;;;;;;;;;;;;;;;;;;;;;;;;;;;;;;;;
;;;;;;;;;;;;;;;;;;;;;;;;;;;;;;;;;;;;;;;;;;;;;;;;;;;;;;;;;;;;;;;;;;;;;;;;;;;;;;;;;;;;;;;;;;;;;;;;;;;;;;;;;;;;;;;;;;;;;;;;;
;;;;;;;;;;;;;;;;;;;;;;;;;;;;;;;;;;;;;;;;;;;;;;;;;;;;;;;;;;;;;;;;;;;;;;;;;;;;;;;;;;;;;;;;;;;;;;;;;;;;;;;;;;;;;;;;;;;;;;;;;
;;;;;;;;;;;;;;;;;;;;;;;;;;;;;;;;;;;;;;;;;;;;;;;;;;;;;;;;;;;;;;;;;;;;;;;;;;;;;;;;;;;;;;;;;;;;;;;;;;;;;;;;;;;;;;;;;;;;;;;;;
;;;;;;;;;;;;;;;;;;;;;;;;;;;;;;;;;;;;;;;;;;;;;;;;;;;;;;;;;;;;;;;;;;;;;;;;;;;;;;;;;;;;;;;;;;;;;;;;;;;;;;;;;;;;;;;;;;;;;;;;;
;;;;;;;;;;;;;;;;;;;;;;;;;;;;;;;;;;;;;;;;;;;;;;;;;;;;;;;;;;;;;;;;;;;;;;;;;;;;;;;;;;;;;;;;;;;;;;;;;;;;;;;;;;;;;;;;;;;;;;;;;
;;;;;;;;;;;;;;;;;;;;;;;;;;;;;;;;;;;;;;;;;;;;;;;;;;;;;;;;;;;;;;;;;;;;;;;;;;;;;;;;;;;;;;;;;;;;;;;;;;;;;;;;;;;;;;;;;;;;;;;;;
;;;;;;;;;;;;;;;;;;;;;;;;;;;;;;;;;;;;;;;;;;;;;;;;;;;;;;;;;;;;;;;;;;;;;;;;;;;;;;;;;;;;;;;;;;;;;;;;;;;;;;;;;;;;;;;;;;;;;;;;;
;;;;;;;;;;;;;;;;;;;;;;;;;;;;;;;;;;;;;;;;;;;;;;;;;;;;;;;;;;;;;;;;;;;;;;;;;;;;;;;;;;;;;;;;;;;;;;;;;;;;;;;;;;;;;;;;;;;;;;;;;
;;;;;;;;;;;;;;;;;;;;;;;;;;;;;;;;;;;;;;;;;;;;;;;;;;;;;;;;;;;;;;;;;;;;;;;;;;;;;;;;;;;;;;;;;;;;;;;;;;;;;;;;;;;;;;;;;;;;;;;;;
;;;;;;;;;;;;;;;;;;;;;;;;;;;;;;;;;;;;;;;;;;;;;;;;;;;;;;;;;;;;;;;;;;;;;;;;;;;;;;;;;;;;;;;;;;;;;;;;;;;;;;;;;;;;;;;;;;;;;;;;;
;;;;;;;;;;;;;;;;;;;;;;;;;;;;;;;;;;;;;;;;;;;;;;;;;;;;;;;;;;;;;;;;;;;;;;;;;;;;;;;;;;;;;;;;;;;;;;;;;;;;;;;;;;;;;;;;;;;;;;;;;
;;;;;;;;;;;;;;;;;;;;;;;;;;;;;;;;;;;;;;;;;;;;;;;;;;;;;;;;;;;;;;;;;;;;;;;;;;;;;;;;;;;;;;;;;;;;;;;;;;;;;;;;;;;;;;;;;;;;;;;;;
;;;;;;;;;;;;;;;;;;;;;;;;;;;;;;;;;;;;;;;;;;;;;;;;;;;;;;;;;;;;;;;;;;;;;;;;;;;;;;;;;;;;;;;;;;;;;;;;;;;;;;;;;;;;;;;;;;;;;;;;;
;;;;;;;;;;;;;;;;;;;;;;;;;;;;;;;;;;;;;;;;;;;;;;;;;;;;;;;;;;;;;;;;;;;;;;;;;;;;;;;;;;;;;;;;;;;;;;;;;;;;;;;;;;;;;;;;;;;;;;;;;
;;;;;;;;;;;;;;;;;;;;;;;;;;;;;;;;;;;;;;;;;;;;;;;;;;;;;;;;;;;;;;;;;;;;;;;;;;;;;;;;;;;;;;;;;;;;;;;;;;;;;;;;;;;;;;;;;;;;;;;;;
;;;;;;;;;;;;;;;;;;;;;;;;;;;;;;;;;;;;;;;;;;;;;;;;;;;;;;;;;;;;;;;;;;;;;;;;;;;;;;;;;;;;;;;;;;;;;;;;;;;;;;;;;;;;;;;;;;;;;;;;;
;;;;;;;;;;;;;;;;;;;;;;;;;;;;;;;;;;;;;;;;;;;;;;;;;;;;;;;;;;;;;;;;;;;;;;;;;;;;;;;;;;;;;;;;;;;;;;;;;;;;;;;;;;;;;;;;;;;;;;;;;
;;;;;;;;;;;;;;;;;;;;;;;;;;;;;;;;;;;;;;;;;;;;;;;;;;;;;;;;;;;;;;;;;;;;;;;;;;;;;;;;;;;;;;;;;;;;;;;;;;;;;;;;;;;;;;;;;;;;;;;;;
;;;;;;;;;;;;;;;;;;;;;;;;;;;;;;;;;;;;;;;;;;;;;;;;;;;;;;;;;;;;;;;;;;;;;;;;;;;;;;;;;;;;;;;;;;;;;;;;;;;;;;;;;;;;;;;;;;;;;;;;;
;;;;;;;;;;;;;;;;;;;;;;;;;;;;;;;;;;;;;;;;;;;;;;;;;;;;;;;;;;;;;;;;;;;;;;;;;;;;;;;;;;;;;;;;;;;;;;;;;;;;;;;;;;;;;;;;;;;;;;;;;
;;;;;;;;;;;;;;;;;;;;;;;;;;;;;;;;;;;;;;;;;;;;;;;;;;;;;;;;;;;;;;;;;;;;;;;;;;;;;;;;;;;;;;;;;;;;;;;;;;;;;;;;;;;;;;;;;;;;;;;;;
;;;;;;;;;;;;;;;;;;;;;;;;;;;;;;;;;;;;;;;;;;;;;;;;;;;;;;;;;;;;;;;;;;;;;;;;;;;;;;;;;;;;;;;;;;;;;;;;;;;;;;;;;;;;;;;;;;;;;;;;;
;;;;;;;;;;;;;;;;;;;;;;;;;;;;;;;;;;;;;;;;;;;;;;;;;;;;;;;;;;;;;;;;;;;;;;;;;;;;;;;;;;;;;;;;;;;;;;;;;;;;;;;;;;;;;;;;;;;;;;;;;
;;;;;;;;;;;;;;;;;;;;;;;;;;;;;;;;;;;;;;;;;;;;;;;;;;;;;;;;;;;;;;;;;;;;;;;;;;;;;;;;;;;;;;;;;;;;;;;;;;;;;;;;;;;;;;;;;;;;;;;;;
;;;;;;;;;;;;;;;;;;;;;;;;;;;;;;;;;;;;;;;;;;;;;;;;;;;;;;;;;;;;;;;;;;;;;;;;;;;;;;;;;;;;;;;;;;;;;;;;;;;;;;;;;;;;;;;;;;;;;;;;;
;;;;;;;;;;;;;;;;;;;;;;;;;;;;;;;;;;;;;;;;;;;;;;;;;;;;;;;;;;;;;;;;;;;;;;;;;;;;;;;;;;;;;;;;;;;;;;;;;;;;;;;;;;;;;;;;;;;;;;;;;
;;;;;;;;;;;;;;;;;;;;;;;;;;;;;;;;;;;;;;;;;;;;;;;;;;;;;;;;;;;;;;;;;;;;;;;;;;;;;;;;;;;;;;;;;;;;;;;;;;;;;;;;;;;;;;;;;;;;;;;;;
;;;;;;;;;;;;;;;;;;;;;;;;;;;;;;;;;;;;;;;;;;;;;;;;;;;;;;;;;;;;;;;;;;;;;;;;;;;;;;;;;;;;;;;;;;;;;;;;;;;;;;;;;;;;;;;;;;;;;;;;;
;;;;;;;;;;;;;;;;;;;;;;;;;;;;;;;;;;;;;;;;;;;;;;;;;;;;;;;;;;;;;;;;;;;;;;;;;;;;;;;;;;;;;;;;;;;;;;;;;;;;;;;;;;;;;;;;;;;;;;;;;
;;;;;;;;;;;;;;;;;;;;;;;;;;;;;;;;;;;;;;;;;;;;;;;;;;;;;;;;;;;;;;;;;;;;;;;;;;;;;;;;;;;;;;;;;;;;;;;;;;;;;;;;;;;;;;;;;;;;;;;;;
;;;;;;;;;;;;;;;;;;;;;;;;;;;;;;;;;;;;;;;;;;;;;;;;;;;;;;;;;;;;;;;;;;;;;;;;;;;;;;;;;;;;;;;;;;;;;;;;;;;;;;;;;;;;;;;;;;;;;;;;;
;;;;;;;;;;;;;;;;;;;;;;;;;;;;;;;;;;;;;;;;;;;;;;;;;;;;;;;;;;;;;;;;;;;;;;;;;;;;;;;;;;;;;;;;;;;;;;;;;;;;;;;;;;;;;;;;;;;;;;;;;
;;;;;;;;;;;;;;;;;;;;;;;;;;;;;;;;;;;;;;;;;;;;;;;;;;;;;;;;;;;;;;;;;;;;;;;;;;;;;;;;;;;;;;;;;;;;;;;;;;;;;;;;;;;;;;;;;;;;;;;;;
;;;;;;;;;;;;;;;;;;;;;;;;;;;;;;;;;;;;;;;;;;;;;;;;;;;;;;;;;;;;;;;;;;;;;;;;;;;;;;;;;;;;;;;;;;;;;;;;;;;;;;;;;;;;;;;;;;;;;;;;;
;;;;;;;;;;;;;;;;;;;;;;;;;;;;;;;;;;;;;;;;;;;;;;;;;;;;;;;;;;;;;;;;;;;;;;;;;;;;;;;;;;;;;;;;;;;;;;;;;;;;;;;;;;;;;;;;;;;;;;;;;
;;;;;;;;;;;;;;;;;;;;;;;;;;;;;;;;;;;;;;;;;;;;;;;;;;;;;;;;;;;;;;;;;;;;;;;;;;;;;;;;;;;;;;;;;;;;;;;;;;;;;;;;;;;;;;;;;;;;;;;;;
;;;;;;;;;;;;;;;;;;;;;;;;;;;;;;;;;;;;;;;;;;;;;;;;;;;;;;;;;;;;;;;;;;;;;;;;;;;;;;;;;;;;;;;;;;;;;;;;;;;;;;;;;;;;;;;;;;;;;;;;;
;;;;;;;;;;;;;;;;;;;;;;;;;;;;;;;;;;;;;;;;;;;;;;;;;;;;;;;;;;;;;;;;;;;;;;;;;;;;;;;;;;;;;;;;;;;;;;;;;;;;;;;;;;;;;;;;;;;;;;;;;
;;;;;;;;;;;;;;;;;;;;;;;;;;;;;;;;;;;;;;;;;;;;;;;;;;;;;;;;;;;;;;;;;;;;;;;;;;;;;;;;;;;;;;;;;;;;;;;;;;;;;;;;;;;;;;;;;;;;;;;;;
;;;;;;;;;;;;;;;;;;;;;;;;;;;;;;;;;;;;;;;;;;;;;;;;;;;;;;;;;;;;;;;;;;;;;;;;;;;;;;;;;;;;;;;;;;;;;;;;;;;;;;;;;;;;;;;;;;;;;;;;;
;;;;;;;;;;;;;;;;;;;;;;;;;;;;;;;;;;;;;;;;;;;;;;;;;;;;;;;;;;;;;;;;;;;;;;;;;;;;;;;;;;;;;;;;;;;;;;;;;;;;;;;;;;;;;;;;;;;;;;;;;
;;;;;;;;;;;;;;;;;;;;;;;;;;;;;;;;;;;;;;;;;;;;;;;;;;;;;;;;;;;;;;;;;;;;;;;;;;;;;;;;;;;;;;;;;;;;;;;;;;;;;;;;;;;;;;;;;;;;;;;;;
;;;;;;;;;;;;;;;;;;;;;;;;;;;;;;;;;;;;;;;;;;;;;;;;;;;;;;;;;;;;;;;;;;;;;;;;;;;;;;;;;;;;;;;;;;;;;;;;;;;;;;;;;;;;;;;;;;;;;;;;;
;;;;;;;;;;;;;;;;;;;;;;;;;;;;;;;;;;;;;;;;;;;;;;;;;;;;;;;;;;;;;;;;;;;;;;;;;;;;;;;;;;;;;;;;;;;;;;;;;;;;;;;;;;;;;;;;;;;;;;;;;
;;;;;;;;;;;;;;;;;;;;;;;;;;;;;;;;;;;;;;;;;;;;;;;;;;;;;;;;;;;;;;;;;;;;;;;;;;;;;;;;;;;;;;;;;;;;;;;;;;;;;;;;;;;;;;;;;;;;;;;;;
;;;;;;;;;;;;;;;;;;;;;;;;;;;;;;;;;;;;;;;;;;;;;;;;;;;;;;;;;;;;;;;;;;;;;;;;;;;;;;;;;;;;;;;;;;;;;;;;;;;;;;;;;;;;;;;;;;;;;;;;;
;;;;;;;;;;;;;;;;;;;;;;;;;;;;;;;;;;;;;;;;;;;;;;;;;;;;;;;;;;;;;;;;;;;;;;;;;;;;;;;;;;;;;;;;;;;;;;;;;;;;;;;;;;;;;;;;;;;;;;;;;
;;;;;;;;;;;;;;;;;;;;;;;;;;;;;;;;;;;;;;;;;;;;;;;;;;;;;;;;;;;;;;;;;;;;;;;;;;;;;;;;;;;;;;;;;;;;;;;;;;;;;;;;;;;;;;;;;;;;;;;;;
;;;;;;;;;;;;;;;;;;;;;;;;;;;;;;;;;;;;;;;;;;;;;;;;;;;;;;;;;;;;;;;;;;;;;;;;;;;;;;;;;;;;;;;;;;;;;;;;;;;;;;;;;;;;;;;;;;;;;;;;;
;;;;;;;;;;;;;;;;;;;;;;;;;;;;;;;;;;;;;;;;;;;;;;;;;;;;;;;;;;;;;;;;;;;;;;;;;;;;;;;;;;;;;;;;;;;;;;;;;;;;;;;;;;;;;;;;;;;;;;;;;
;;;;;;;;;;;;;;;;;;;;;;;;;;;;;;;;;;;;;;;;;;;;;;;;;;;;;;;;;;;;;;;;;;;;;;;;;;;;;;;;;;;;;;;;;;;;;;;;;;;;;;;;;;;;;;;;;;;;;;;;;
;;;;;;;;;;;;;;;;;;;;;;;;;;;;;;;;;;;;;;;;;;;;;;;;;;;;;;;;;;;;;;;;;;;;;;;;;;;;;;;;;;;;;;;;;;;;;;;;;;;;;;;;;;;;;;;;;;;;;;;;;
;;;;;;;;;;;;;;;;;;;;;;;;;;;;;;;;;;;;;;;;;;;;;;;;;;;;;;;;;;;;;;;;;;;;;;;;;;;;;;;;;;;;;;;;;;;;;;;;;;;;;;;;;;;;;;;;;;;;;;;;;
;;;;;;;;;;;;;;;;;;;;;;;;;;;;;;;;;;;;;;;;;;;;;;;;;;;;;;;;;;;;;;;;;;;;;;;;;;;;;;;;;;;;;;;;;;;;;;;;;;;;;;;;;;;;;;;;;;;;;;;;;
;;;;;;;;;;;;;;;;;;;;;;;;;;;;;;;;;;;;;;;;;;;;;;;;;;;;;;;;;;;;;;;;;;;;;;;;;;;;;;;;;;;;;;;;;;;;;;;;;;;;;;;;;;;;;;;;;;;;;;;;;
;;;;;;;;;;;;;;;;;;;;;;;;;;;;;;;;;;;;;;;;;;;;;;;;;;;;;;;;;;;;;;;;;;;;;;;;;;;;;;;;;;;;;;;;;;;;;;;;;;;;;;;;;;;;;;;;;;;;;;;;;
;;;;;;;;;;;;;;;;;;;;;;;;;;;;;;;;;;;;;;;;;;;;;;;;;;;;;;;;;;;;;;;;;;;;;;;;;;;;;;;;;;;;;;;;;;;;;;;;;;;;;;;;;;;;;;;;;;;;;;;;;
;;;;;;;;;;;;;;;;;;;;;;;;;;;;;;;;;;;;;;;;;;;;;;;;;;;;;;;;;;;;;;;;;;;;;;;;;;;;;;;;;;;;;;;;;;;;;;;;;;;;;;;;;;;;;;;;;;;;;;;;;
;;;;;;;;;;;;;;;;;;;;;;;;;;;;;;;;;;;;;;;;;;;;;;;;;;;;;;;;;;;;;;;;;;;;;;;;;;;;;;;;;;;;;;;;;;;;;;;;;;;;;;;;;;;;;;;;;;;;;;;;;
;;;;;;;;;;;;;;;;;;;;;;;;;;;;;;;;;;;;;;;;;;;;;;;;;;;;;;;;;;;;;;;;;;;;;;;;;;;;;;;;;;;;;;;;;;;;;;;;;;;;;;;;;;;;;;;;;;;;;;;;;
;;;;;;;;;;;;;;;;;;;;;;;;;;;;;;;;;;;;;;;;;;;;;;;;;;;;;;;;;;;;;;;;;;;;;;;;;;;;;;;;;;;;;;;;;;;;;;;;;;;;;;;;;;;;;;;;;;;;;;;;;
;;;;;;;;;;;;;;;;;;;;;;;;;;;;;;;;;;;;;;;;;;;;;;;;;;;;;;;;;;;;;;;;;;;;;;;;;;;;;;;;;;;;;;;;;;;;;;;;;;;;;;;;;;;;;;;;;;;;;;;;;
;;;;;;;;;;;;;;;;;;;;;;;;;;;;;;;;;;;;;;;;;;;;;;;;;;;;;;;;;;;;;;;;;;;;;;;;;;;;;;;;;;;;;;;;;;;;;;;;;;;;;;;;;;;;;;;;;;;;;;;;;
;;;;;;;;;;;;;;;;;;;;;;;;;;;;;;;;;;;;;;;;;;;;;;;;;;;;;;;;;;;;;;;;;;;;;;;;;;;;;;;;;;;;;;;;;;;;;;;;;;;;;;;;;;;;;;;;;;;;;;;;;
;;;;;;;;;;;;;;;;;;;;;;;;;;;;;;;;;;;;;;;;;;;;;;;;;;;;;;;;;;;;;;;;;;;;;;;;;;;;;;;;;;;;;;;;;;;;;;;;;;;;;;;;;;;;;;;;;;;;;;;;;
;;;;;;;;;;;;;;;;;;;;;;;;;;;;;;;;;;;;;;;;;;;;;;;;;;;;;;;;;;;;;;;;;;;;;;;;;;;;;;;;;;;;;;;;;;;;;;;;;;;;;;;;;;;;;;;;;;;;;;;;;
;;;;;;;;;;;;;;;;;;;;;;;;;;;;;;;;;;;;;;;;;;;;;;;;;;;;;;;;;;;;;;;;;;;;;;;;;;;;;;;;;;;;;;;;;;;;;;;;;;;;;;;;;;;;;;;;;;;;;;;;;
;;;;;;;;;;;;;;;;;;;;;;;;;;;;;;;;;;;;;;;;;;;;;;;;;;;;;;;;;;;;;;;;;;;;;;;;;;;;;;;;;;;;;;;;;;;;;;;;;;;;;;;;;;;;;;;;;;;;;;;;;
;;;;;;;;;;;;;;;;;;;;;;;;;;;;;;;;;;;;;;;;;;;;;;;;;;;;;;;;;;;;;;;;;;;;;;;;;;;;;;;;;;;;;;;;;;;;;;;;;;;;;;;;;;;;;;;;;;;;;;;;;
;;;;;;;;;;;;;;;;;;;;;;;;;;;;;;;;;;;;;;;;;;;;;;;;;;;;;;;;;;;;;;;;;;;;;;;;;;;;;;;;;;;;;;;;;;;;;;;;;;;;;;;;;;;;;;;;;;;;;;;;;
;;;;;;;;;;;;;;;;;;;;;;;;;;;;;;;;;;;;;;;;;;;;;;;;;;;;;;;;;;;;;;;;;;;;;;;;;;;;;;;;;;;;;;;;;;;;;;;;;;;;;;;;;;;;;;;;;;;;;;;;;
;;;;;;;;;;;;;;;;;;;;;;;;;;;;;;;;;;;;;;;;;;;;;;;;;;;;;;;;;;;;;;;;;;;;;;;;;;;;;;;;;;;;;;;;;;;;;;;;;;;;;;;;;;;;;;;;;;;;;;;;;
;;;;;;;;;;;;;;;;;;;;;;;;;;;;;;;;;;;;;;;;;;;;;;;;;;;;;;;;;;;;;;;;;;;;;;;;;;;;;;;;;;;;;;;;;;;;;;;;;;;;;;;;;;;;;;;;;;;;;;;;;
;;;;;;;;;;;;;;;;;;;;;;;;;;;;;;;;;;;;;;;;;;;;;;;;;;;;;;;;;;;;;;;;;;;;;;;;;;;;;;;;;;;;;;;;;;;;;;;;;;;;;;;;;;;;;;;;;;;;;;;;;
;;;;;;;;;;;;;;;;;;;;;;;;;;;;;;;;;;;;;;;;;;;;;;;;;;;;;;;;;;;;;;;;;;;;;;;;;;;;;;;;;;;;;;;;;;;;;;;;;;;;;;;;;;;;;;;;;;;;;;;;;
;;;;;;;;;;;;;;;;;;;;;;;;;;;;;;;;;;;;;;;;;;;;;;;;;;;;;;;;;;;;;;;;;;;;;;;;;;;;;;;;;;;;;;;;;;;;;;;;;;;;;;;;;;;;;;;;;;;;;;;;;
;;;;;;;;;;;;;;;;;;;;;;;;;;;;;;;;;;;;;;;;;;;;;;;;;;;;;;;;;;;;;;;;;;;;;;;;;;;;;;;;;;;;;;;;;;;;;;;;;;;;;;;;;;;;;;;;;;;;;;;;;
;;;;;;;;;;;;;;;;;;;;;;;;;;;;;;;;;;;;;;;;;;;;;;;;;;;;;;;;;;;;;;;;;;;;;;;;;;;;;;;;;;;;;;;;;;;;;;;;;;;;;;;;;;;;;;;;;;;;;;;;;
;;;;;;;;;;;;;;;;;;;;;;;;;;;;;;;;;;;;;;;;;;;;;;;;;;;;;;;;;;;;;;;;;;;;;;;;;;;;;;;;;;;;;;;;;;;;;;;;;;;;;;;;;;;;;;;;;;;;;;;;;
;;;;;;;;;;;;;;;;;;;;;;;;;;;;;;;;;;;;;;;;;;;;;;;;;;;;;;;;;;;;;;;;;;;;;;;;;;;;;;;;;;;;;;;;;;;;;;;;;;;;;;;;;;;;;;;;;;;;;;;;;
;;;;;;;;;;;;;;;;;;;;;;;;;;;;;;;;;;;;;;;;;;;;;;;;;;;;;;;;;;;;;;;;;;;;;;;;;;;;;;;;;;;;;;;;;;;;;;;;;;;;;;;;;;;;;;;;;;;;;;;;;
;;;;;;;;;;;;;;;;;;;;;;;;;;;;;;;;;;;;;;;;;;;;;;;;;;;;;;;;;;;;;;;;;;;;;;;;;;;;;;;;;;;;;;;;;;;;;;;;;;;;;;;;;;;;;;;;;;;;;;;;;
;;;;;;;;;;;;;;;;;;;;;;;;;;;;;;;;;;;;;;;;;;;;;;;;;;;;;;;;;;;;;;;;;;;;;;;;;;;;;;;;;;;;;;;;;;;;;;;;;;;;;;;;;;;;;;;;;;;;;;;;;
;;;;;;;;;;;;;;;;;;;;;;;;;;;;;;;;;;;;;;;;;;;;;;;;;;;;;;;;;;;;;;;;;;;;;;;;;;;;;;;;;;;;;;;;;;;;;;;;;;;;;;;;;;;;;;;;;;;;;;;;;
;;;;;;;;;;;;;;;;;;;;;;;;;;;;;;;;;;;;;;;;;;;;;;;;;;;;;;;;;;;;;;;;;;;;;;;;;;;;;;;;;;;;;;;;;;;;;;;;;;;;;;;;;;;;;;;;;;;;;;;;;
;;;;;;;;;;;;;;;;;;;;;;;;;;;;;;;;;;;;;;;;;;;;;;;;;;;;;;;;;;;;;;;;;;;;;;;;;;;;;;;;;;;;;;;;;;;;;;;;;;;;;;;;;;;;;;;;;;;;;;;;;
;;;;;;;;;;;;;;;;;;;;;;;;;;;;;;;;;;;;;;;;;;;;;;;;;;;;;;;;;;;;;;;;;;;;;;;;;;;;;;;;;;;;;;;;;;;;;;;;;;;;;;;;;;;;;;;;;;;;;;;;;
